customer_name,customer_id,serial_number,height,width,length,storage_space,weight,storage_name,locate,date,description,quantity,warehouse
CLALITHAPOEL,C-001,75-1940,1.79,9.85,1.6,28.17,108,Warehouse 8,023-019-616,2021-04-24,BOX-01329,40,warehouse 2
CLALITHAPOEL,C-001,75-1941,1.33,2.76,2.77,10.13,110,Warehouse 8,023-019-617,2021-04-25,BOX-01330,67,warehouse 2
CLALITHAPOEL,C-001,75-1942,2.98,6.64,6.79,134.0,185,Warehouse 8,023-019-618,2021-04-26,BOX-01331,98,warehouse 2
CLALITHAPOEL,C-001,75-1943,1.61,9.65,3.15,49.13,17,Warehouse 8,023-019-619,2021-04-27,BOX-01332,37,warehouse 2
CLALITHAPOEL,C-001,75-1944,2.58,9.73,2.65,66.42,25,Warehouse 8,023-019-620,2021-04-28,BOX-01333,55,warehouse 2
CLALITHAPOEL,C-001,75-1945,1.06,3.0,6.69,21.22,57,Warehouse 8,023-019-621,2021-04-29,BOX-01334,83,warehouse 2
CLALITHAPOEL,C-001,75-1946,1.23,7.41,2.33,21.26,172,Warehouse 8,023-019-622,2021-04-30,BOX-01335,88,warehouse 2
CLALITHAPOEL,C-001,75-1947,2.92,8.26,2.03,48.95,177,Warehouse 8,023-019-623,2021-05-01,BOX-01336,42,warehouse 2
CLALITHAPOEL,C-001,75-1948,1.7,5.27,1.03,9.21,23,Warehouse 8,023-019-624,2021-05-02,BOX-01337,94,warehouse 2
CLALITHAPOEL,C-001,75-1949,2.02,2.15,6.84,29.64,178,Warehouse 8,023-019-625,2021-05-03,BOX-01338,39,warehouse 2
CLALITHAPOEL,C-001,75-1950,1.65,8.76,3.18,46.05,77,Warehouse 8,023-019-626,2021-05-04,BOX-01339,90,warehouse 2
CLALITHAPOEL,C-001,75-1951,1.12,4.06,1.37,6.21,63,Warehouse 8,023-019-627,2021-05-05,BOX-01340,18,warehouse 2
CLALITHAPOEL,C-001,75-1952,2.45,4.51,1.84,20.26,93,Warehouse 8,023-019-628,2021-05-06,BOX-01341,98,warehouse 2
CLALITHAPOEL,C-001,75-1953,1.87,8.45,4.92,77.83,178,Warehouse 8,023-019-629,2021-05-07,BOX-01342,14,warehouse 2
CLALITHAPOEL,C-001,75-1954,1.54,6.6,6.77,68.62,73,Warehouse 8,023-019-630,2021-05-08,BOX-01343,48,warehouse 2
CLALITHAPOEL,C-001,75-1955,2.0,3.16,2.55,16.13,13,Warehouse 8,023-019-631,2021-05-09,BOX-01344,91,warehouse 2
CLALITHAPOEL,C-001,75-1956,2.42,2.31,5.17,28.9,153,Warehouse 8,023-019-632,2021-05-10,BOX-01345,75,warehouse 2
CLALITHAPOEL,C-001,75-1957,2.15,9.52,5.18,106.11,174,Warehouse 8,023-019-633,2021-05-11,BOX-01346,66,warehouse 2
CLALITHAPOEL,C-001,75-1958,2.39,9.62,4.48,102.9,76,Warehouse 8,023-019-634,2021-05-12,BOX-01347,62,warehouse 2
CLALITHAPOEL,C-001,75-1959,1.04,5.02,2.37,12.41,6,Warehouse 8,023-019-635,2021-05-13,BOX-01348,63,warehouse 2
CLALITHAPOEL,C-001,75-1960,1.68,2.77,3.29,15.31,107,Warehouse 8,023-019-636,2021-05-14,BOX-01349,56,warehouse 2
CLALITHAPOEL,C-001,75-1961,1.79,3.81,5.83,39.68,113,Warehouse 8,023-019-637,2021-05-15,BOX-01350,97,warehouse 2
CLALITHAPOEL,C-001,75-1962,2.25,5.96,3.73,50.09,131,Warehouse 8,023-019-638,2021-05-16,BOX-01351,2,warehouse 2
CLALITHAPOEL,C-001,75-1963,2.26,8.82,4.76,94.87,145,Warehouse 8,023-019-639,2021-05-17,BOX-01352,34,warehouse 2
CLALITHAPOEL,C-001,75-1964,2.6,2.15,3.81,21.24,189,Warehouse 8,023-019-640,2021-05-18,BOX-01353,53,warehouse 2
CLALITHAPOEL,C-001,75-1965,1.98,3.59,2.93,20.77,4,Warehouse 8,023-019-641,2021-05-19,BOX-01354,72,warehouse 2
CLALITHAPOEL,C-001,75-1966,2.35,8.09,5.49,104.63,140,Warehouse 8,023-019-642,2021-05-20,BOX-01355,24,warehouse 2
CLALITHAPOEL,C-001,75-1967,1.17,8.3,2.34,22.74,24,Warehouse 8,023-019-643,2021-05-21,BOX-01356,62,warehouse 2
CLALITHAPOEL,C-001,75-1968,2.22,5.26,5.45,63.63,155,Warehouse 8,023-019-644,2021-05-22,BOX-01357,62,warehouse 2
CLALITHAPOEL,C-001,75-1969,2.6,2.99,5.36,41.67,35,Warehouse 8,023-019-645,2021-05-23,BOX-01358,66,warehouse 2
CLALITHAPOEL,C-001,75-1970,2.74,9.71,4.01,106.82,21,Warehouse 8,023-019-646,2021-05-24,BOX-01359,29,warehouse 2
CLALITHAPOEL,C-001,75-1971,2.92,8.79,1.05,27.01,146,Warehouse 8,023-019-647,2021-05-25,BOX-01360,12,warehouse 2
CLALITHAPOEL,C-001,75-1972,1.66,9.11,4.47,67.44,192,Warehouse 8,023-019-648,2021-05-26,BOX-01361,67,warehouse 2
CLALITHAPOEL,C-001,75-1973,2.1,7.49,1.82,28.7,174,Warehouse 8,023-019-649,2021-05-27,BOX-01362,8,warehouse 2
CLALITHAPOEL,C-001,75-1974,1.93,9.72,2.97,55.69,84,Warehouse 8,023-019-650,2021-05-28,BOX-01363,13,warehouse 2
CLALITHAPOEL,C-001,75-1975,2.9,3.69,4.65,49.73,12,Warehouse 8,023-019-651,2021-05-29,BOX-01364,47,warehouse 2
CLALITHAPOEL,C-001,75-1976,2.86,9.23,2.47,65.23,24,Warehouse 8,023-019-652,2021-05-30,BOX-01365,56,warehouse 2
CLALITHAPOEL,C-001,75-1977,1.95,2.46,1.47,7.06,173,Warehouse 8,023-019-653,2021-05-31,BOX-01366,12,warehouse 2
CLALITHAPOEL,C-001,75-1978,1.53,3.41,6.07,31.57,5,Warehouse 8,023-019-654,2021-06-01,BOX-01367,51,warehouse 2
CLALITHAPOEL,C-001,75-1979,1.5,3.53,3.01,15.9,24,Warehouse 8,023-019-655,2021-06-02,BOX-01368,97,warehouse 2
CLALITHAPOEL,C-001,75-1980,1.8,7.8,1.21,16.92,143,Warehouse 8,023-019-656,2021-06-03,BOX-01369,13,warehouse 2
CLALITHAPOEL,C-001,75-1981,2.0,6.86,5.29,72.68,122,Warehouse 8,023-019-657,2021-06-04,BOX-01370,49,warehouse 2
CLALITHAPOEL,C-001,75-1982,1.37,4.77,1.29,8.46,119,Warehouse 8,023-019-658,2021-06-05,BOX-01371,94,warehouse 2
CLALITHAPOEL,C-001,75-1983,1.39,3.93,3.64,19.82,142,Warehouse 8,023-019-659,2021-06-06,BOX-01372,5,warehouse 2
CLALITHAPOEL,C-001,75-1984,1.73,1.16,1.69,3.4,59,Warehouse 8,023-019-660,2021-06-07,BOX-01373,89,warehouse 2
CLALITHAPOEL,C-001,75-1985,2.76,6.56,5.18,93.95,161,Warehouse 8,023-019-661,2021-06-08,BOX-01374,95,warehouse 2
CLALITHAPOEL,C-001,75-1986,2.64,1.12,4.25,12.53,17,Warehouse 8,023-019-662,2021-06-09,BOX-01375,9,warehouse 2
CLALITHAPOEL,C-001,75-1987,2.88,4.84,6.44,89.76,123,Warehouse 8,023-019-663,2021-06-10,BOX-01376,91,warehouse 2
CLALITHAPOEL,C-001,75-1988,1.44,4.64,6.34,42.33,44,Warehouse 8,023-019-664,2021-06-11,BOX-01377,47,warehouse 2
CLALITHAPOEL,C-001,75-1989,2.47,6.02,2.21,32.85,3,Warehouse 8,023-019-665,2021-06-12,BOX-01378,88,warehouse 2
CLALITHAPOEL,C-001,75-1990,1.98,6.39,4.45,56.36,82,Warehouse 8,023-019-666,2021-06-13,BOX-01379,85,warehouse 2
CLALITHAPOEL,C-001,75-1991,2.68,1.97,2.75,14.48,9,Warehouse 8,023-019-667,2021-06-14,BOX-01380,79,warehouse 2
CLALITHAPOEL,C-001,75-1992,1.76,7.44,2.96,38.8,81,Warehouse 8,023-019-668,2021-06-15,BOX-01381,72,warehouse 2
CLALITHAPOEL,C-001,75-1993,1.43,5.77,4.75,39.25,129,Warehouse 8,023-019-669,2021-06-16,BOX-01382,92,warehouse 2
CLALITHAPOEL,C-001,75-1994,1.1,1.4,4.06,6.22,37,Warehouse 8,023-019-670,2021-06-17,BOX-01383,56,warehouse 2
CLALITHAPOEL,C-001,75-1995,2.16,4.96,6.73,71.92,151,Warehouse 8,023-019-671,2021-06-18,BOX-01384,28,warehouse 2
CLALITHAPOEL,C-001,75-1996,2.68,6.73,1.35,24.24,30,Warehouse 8,023-019-672,2021-06-19,BOX-01385,42,warehouse 2
CLALITHAPOEL,C-001,75-1997,2.6,2.79,5.86,42.51,187,Warehouse 8,023-019-673,2021-06-20,BOX-01386,50,warehouse 2
CLALITHAPOEL,C-001,75-1998,2.16,9.8,2.16,45.73,169,Warehouse 8,023-019-674,2021-06-21,BOX-01387,17,warehouse 2
CLALITHAPOEL,C-001,75-1999,2.15,9.6,4.93,101.57,40,Warehouse 8,023-019-675,2021-06-22,BOX-01388,100,warehouse 2
CLALITHAPOEL,C-001,75-2000,2.4,2.65,3.95,25.16,86,Warehouse 8,023-019-676,2021-06-23,BOX-01389,82,warehouse 2
CLALITHAPOEL,C-001,75-2001,1.11,5.45,1.2,7.25,133,Warehouse 8,023-019-677,2021-06-24,BOX-01390,94,warehouse 2
CLALITHAPOEL,C-001,75-2002,1.69,5.53,5.37,50.26,169,Warehouse 8,023-019-678,2021-06-25,BOX-01391,76,warehouse 2
CLALITHAPOEL,C-001,75-2003,2.06,4.99,3.1,31.88,160,Warehouse 8,023-019-679,2021-06-26,BOX-01392,57,warehouse 2
CLALITHAPOEL,C-001,75-2004,1.64,2.29,6.49,24.41,53,Warehouse 8,023-019-680,2021-06-27,BOX-01393,80,warehouse 2
CLALITHAPOEL,C-001,75-2005,1.08,3.85,6.22,25.97,171,Warehouse 8,023-019-681,2021-06-28,BOX-01394,21,warehouse 2
CLALITHAPOEL,C-001,75-2006,1.2,9.4,2.77,31.19,72,Warehouse 8,023-019-682,2021-06-29,BOX-01395,40,warehouse 2
CLALITHAPOEL,C-001,75-2007,1.15,2.76,2.89,9.18,167,Warehouse 8,023-019-683,2021-06-30,BOX-01396,38,warehouse 2
CLALITHAPOEL,C-001,75-2008,1.17,3.15,5.66,20.91,26,Warehouse 8,023-019-684,2021-07-01,BOX-01397,5,warehouse 2
CLALITHAPOEL,C-001,75-2009,1.22,3.68,1.37,6.14,129,Warehouse 8,023-019-685,2021-07-02,BOX-01398,59,warehouse 2
CLALITHAPOEL,C-001,75-2010,1.87,6.07,2.29,26.03,159,Warehouse 8,023-019-686,2021-07-03,BOX-01399,76,warehouse 2
CLALITHAPOEL,C-001,75-2011,1.98,7.13,6.96,98.08,19,Warehouse 8,023-019-687,2021-07-04,BOX-01400,79,warehouse 2
CLALITHAPOEL,C-001,75-2012,1.94,5.92,4.13,47.35,113,Warehouse 8,023-019-688,2021-07-05,BOX-01401,52,warehouse 2
CLALITHAPOEL,C-001,75-2013,1.97,3.0,2.35,13.85,37,Warehouse 8,023-019-689,2021-07-06,BOX-01402,77,warehouse 2
CLALITHAPOEL,C-001,75-2014,1.33,2.33,5.81,18.05,147,Warehouse 8,023-019-690,2021-07-07,BOX-01403,5,warehouse 2
CLALITHAPOEL,C-001,75-2015,2.82,2.33,5.82,38.29,162,Warehouse 8,023-019-691,2021-07-08,BOX-01404,48,warehouse 2
CLALITHAPOEL,C-001,75-2016,2.73,4.7,2.54,32.51,98,Warehouse 8,023-019-692,2021-07-09,BOX-01405,9,warehouse 2
CLALITHAPOEL,C-001,75-2017,2.5,1.57,6.4,25.17,159,Warehouse 8,023-019-693,2021-07-10,BOX-01406,39,warehouse 2
CLALITHAPOEL,C-001,75-2018,1.42,7.5,6.04,64.36,78,Warehouse 8,023-019-694,2021-07-11,BOX-01407,80,warehouse 2
CLALITHAPOEL,C-001,75-2019,1.76,8.82,2.52,39.22,28,Warehouse 8,023-019-695,2021-07-12,BOX-01408,35,warehouse 2
CLALITHAPOEL,C-001,75-2020,2.04,3.24,3.26,21.54,136,Warehouse 8,023-019-696,2021-07-13,BOX-01409,91,warehouse 2
CLALITHAPOEL,C-001,75-2021,2.9,8.7,4.71,118.71,71,Warehouse 8,023-019-697,2021-07-14,BOX-01410,81,warehouse 2
CLALITHAPOEL,C-001,75-2022,2.67,2.36,2.99,18.89,59,Warehouse 8,023-019-698,2021-07-15,BOX-01411,65,warehouse 2
CLALITHAPOEL,C-001,75-2023,2.85,3.69,3.19,33.46,72,Warehouse 8,023-019-699,2021-07-16,BOX-01412,94,warehouse 2
CLALITHAPOEL,C-001,75-2024,2.93,6.25,1.06,19.43,2,Warehouse 8,023-019-700,2021-07-17,BOX-01413,1,warehouse 2
CLALITHAPOEL,C-001,75-2025,1.18,8.77,6.32,65.27,36,Warehouse 8,023-019-701,2021-07-18,BOX-01414,89,warehouse 2
CLALITHAPOEL,C-001,75-2026,2.23,4.59,1.75,17.83,180,Warehouse 8,023-019-702,2021-07-19,BOX-01415,47,warehouse 2
CLALITHAPOEL,C-001,75-2027,1.91,6.75,3.64,46.92,13,Warehouse 8,023-019-703,2021-07-20,BOX-01416,91,warehouse 2
CLALITHAPOEL,C-001,75-2028,1.65,1.81,4.53,13.49,180,Warehouse 8,023-019-704,2021-07-21,BOX-01417,71,warehouse 2
CLALITHAPOEL,C-001,75-2029,1.6,1.2,2.91,5.57,119,Warehouse 8,023-019-705,2021-07-22,BOX-01418,38,warehouse 2
CLALITHAPOEL,C-001,75-2030,2.27,6.06,1.99,27.4,147,Warehouse 8,023-019-706,2021-07-23,BOX-01419,59,warehouse 2
CLALITHAPOEL,C-001,75-2031,2.59,4.29,2.01,22.38,38,Warehouse 8,023-019-707,2021-07-24,BOX-01420,16,warehouse 2
CLALITHAPOEL,C-001,75-2032,2.88,8.75,1.66,41.74,200,Warehouse 8,023-019-708,2021-07-25,BOX-01421,16,warehouse 2
CLALITHAPOEL,C-001,75-2033,2.76,5.96,2.26,37.23,199,Warehouse 8,023-019-709,2021-07-26,BOX-01422,93,warehouse 2
CLALITHAPOEL,C-001,75-2034,2.79,6.79,3.69,70.01,178,Warehouse 8,023-019-710,2021-07-27,BOX-01423,100,warehouse 2
CLALITHAPOEL,C-001,75-2035,1.03,8.62,3.4,30.37,128,Warehouse 8,023-019-711,2021-07-28,BOX-01424,14,warehouse 2
CLALITHAPOEL,C-001,75-2036,2.14,4.02,6.34,54.64,69,Warehouse 8,023-019-712,2021-07-29,BOX-01425,9,warehouse 2
CLALITHAPOEL,C-001,75-2037,2.92,2.51,2.68,19.69,89,Warehouse 8,023-019-713,2021-07-30,BOX-01426,12,warehouse 2
CLALITHAPOEL,C-001,75-2038,1.41,3.54,4.46,22.31,28,Warehouse 8,023-019-714,2021-07-31,BOX-01427,11,warehouse 2
CLALITHAPOEL,C-001,75-2039,2.74,6.87,1.96,36.98,128,Warehouse 8,023-019-715,2021-08-01,BOX-01428,94,warehouse 2
CLALITHAPOEL,C-001,75-2040,1.93,6.7,3.07,39.72,135,Warehouse 8,023-069-006,2021-08-02,BOX-01429,57,warehouse 2
CLALITHAPOEL,C-001,75-2041,2.95,5.58,3.0,49.31,153,Warehouse 8,023-069-007,2021-08-03,BOX-01430,19,warehouse 2
CLALITHAPOEL,C-001,75-2042,2.38,7.69,3.35,61.36,144,Warehouse 8,023-069-008,2021-08-04,BOX-01431,65,warehouse 2
CLALITHAPOEL,C-001,75-2043,1.71,5.05,4.81,41.48,86,Warehouse 8,023-069-009,2021-08-05,BOX-01432,60,warehouse 2
CLALITHAPOEL,C-001,75-2044,1.68,4.17,2.62,18.36,108,Warehouse 8,023-069-010,2021-08-06,BOX-01433,19,warehouse 2
CLALITHAPOEL,C-001,75-2045,2.01,1.23,4.25,10.51,199,Warehouse 8,023-069-011,2021-08-07,BOX-01434,93,warehouse 2
CLALITHAPOEL,C-001,75-2046,1.5,7.49,4.2,47.27,113,Warehouse 8,023-069-012,2021-08-08,BOX-01435,62,warehouse 2
CLALITHAPOEL,C-001,75-2047,2.77,5.44,2.73,41.25,178,Warehouse 8,023-069-013,2021-08-09,BOX-01436,68,warehouse 2
CLALITHAPOEL,C-001,75-2048,1.21,7.56,6.07,55.53,139,Warehouse 8,023-069-014,2021-08-10,BOX-01437,41,warehouse 2
CLALITHAPOEL,C-001,75-2049,2.5,2.79,4.04,28.11,189,Warehouse 8,023-069-015,2021-08-11,BOX-01438,52,warehouse 2
CLALITHAPOEL,C-001,75-2050,1.52,7.43,1.06,11.97,69,Warehouse 8,023-069-016,2021-08-12,BOX-01439,54,warehouse 2
CLALITHAPOEL,C-001,75-2051,2.45,1.32,1.16,3.75,166,Warehouse 8,023-069-017,2021-08-13,BOX-01440,24,warehouse 2
CLALITHAPOEL,C-001,75-2052,2.63,2.77,4.85,35.27,41,Tin Warehouse,023-069-018,2021-08-14,BOX-01441,27,warehouse 2
CLALITHAPOEL,C-001,75-2053,1.09,9.13,3.54,35.28,148,Tin Warehouse,023-069-019,2021-08-15,BOX-01442,16,warehouse 2
CLALITHAPOEL,C-001,75-2054,2.82,4.66,1.11,14.55,149,Tin Warehouse,023-069-020,2021-08-16,BOX-01443,81,warehouse 2
CLALITHAPOEL,C-001,75-2055,1.65,6.25,5.38,55.52,101,Tin Warehouse,023-069-021,2021-08-17,BOX-01444,43,warehouse 2
CLALITHAPOEL,C-001,75-2056,2.2,9.93,6.91,150.76,55,Tin Warehouse,023-069-022,2021-08-18,BOX-01445,29,warehouse 2
CLALITHAPOEL,C-001,75-2057,2.83,3.79,1.02,10.98,58,Tin Warehouse,023-069-023,2021-08-19,BOX-01446,25,warehouse 2
CLALITHAPOEL,C-001,75-2058,2.05,4.83,3.97,39.27,195,Tin Warehouse,023-069-024,2021-08-20,BOX-01447,41,warehouse 2
CLALITHAPOEL,C-001,75-2059,2.12,3.22,4.09,27.92,68,Tin Warehouse,023-069-025,2021-08-21,BOX-01448,46,warehouse 2
CLALITHAPOEL,C-001,75-2060,1.98,1.17,4.08,9.45,129,Tin Warehouse,023-069-026,2021-08-22,BOX-01449,53,warehouse 2
CLALITHAPOEL,C-001,75-2061,1.7,8.98,2.74,41.77,123,Tin Warehouse,023-069-027,2021-08-23,BOX-01450,37,warehouse 2
CLALITHAPOEL,C-001,75-2062,2.68,9.35,5.85,146.83,16,Tin Warehouse,023-069-028,2021-08-24,BOX-01451,37,warehouse 2
CLALITHAPOEL,C-001,75-2063,2.62,3.38,3.48,30.8,107,Tin Warehouse,023-069-029,2021-08-25,BOX-01452,43,warehouse 2
CLALITHAPOEL,C-001,75-2064,2.96,4.83,1.08,15.5,43,Tin Warehouse,023-069-030,2021-08-26,BOX-01453,66,warehouse 2
CLALITHAPOEL,C-001,75-2065,1.92,8.66,5.72,94.98,126,Tin Warehouse,023-069-031,2021-08-27,BOX-01454,89,warehouse 2
CLALITHAPOEL,C-001,75-2066,1.57,2.54,5.96,23.83,132,Tin Warehouse,023-069-032,2021-08-28,BOX-01455,71,warehouse 2
CLALITHAPOEL,C-001,75-2067,2.8,9.34,1.66,43.42,11,Tin Warehouse,023-069-033,2021-08-29,BOX-01456,14,warehouse 2
CLALITHAPOEL,C-001,75-2068,1.41,7.68,4.34,46.83,133,Tin Warehouse,023-069-034,2021-08-30,BOX-01457,19,warehouse 2
CLALITHAPOEL,C-001,75-2069,1.7,2.03,4.01,13.88,48,Tin Warehouse,023-069-035,2021-08-31,BOX-01458,67,warehouse 2
CLALITHAPOEL,C-001,75-2070,2.12,2.63,4.58,25.57,26,Tin Warehouse,023-069-036,2021-09-01,BOX-01459,97,warehouse 2
CLALITHAPOEL,C-001,75-2071,1.2,9.82,3.45,40.8,161,Tin Warehouse,023-069-037,2021-09-02,BOX-01460,31,warehouse 2
CLALITHAPOEL,C-001,75-2072,2.1,6.71,2.64,37.09,59,Tin Warehouse,023-069-038,2021-09-03,BOX-01461,30,warehouse 2
CLALITHAPOEL,C-001,75-2073,1.89,3.08,5.34,30.97,46,Tin Warehouse,023-069-039,2021-09-04,BOX-01462,88,warehouse 2
CLALITHAPOEL,C-001,75-2074,2.07,2.68,3.79,20.99,164,Tin Warehouse,023-069-040,2021-09-05,BOX-01463,54,warehouse 2
CLALITHAPOEL,C-001,75-2075,1.4,1.22,4.09,6.99,58,Tin Warehouse,023-069-041,2021-09-06,BOX-01464,20,warehouse 2
CLALITHAPOEL,C-001,75-2076,1.34,1.32,5.9,10.44,53,Tin Warehouse,023-069-042,2021-09-07,BOX-01465,35,warehouse 2
CLALITHAPOEL,C-001,75-2077,2.71,8.62,4.09,95.63,106,Tin Warehouse,023-069-043,2021-09-08,BOX-01466,7,warehouse 2
CLALITHAPOEL,C-001,75-2078,1.83,1.29,6.12,14.4,68,Tin Warehouse,023-069-044,2021-09-09,BOX-01467,39,warehouse 2
CLALITHAPOEL,C-001,75-2079,1.05,4.42,2.15,9.98,108,Tin Warehouse,023-069-045,2021-09-10,BOX-01468,20,warehouse 2
CLALITHAPOEL,C-001,75-2080,2.76,4.99,3.17,43.69,172,Tin Warehouse,023-069-046,2021-09-11,BOX-01469,66,warehouse 2
CLALITHAPOEL,C-001,75-2081,2.91,1.21,6.8,23.89,73,Tin Warehouse,023-069-047,2021-09-12,BOX-01470,85,warehouse 2
CLALITHAPOEL,C-001,75-2082,1.82,6.51,4.94,58.61,80,Tin Warehouse,023-069-048,2021-09-13,BOX-01471,14,warehouse 2
CLALITHAPOEL,C-001,75-2083,1.72,5.44,3.76,35.24,27,Tin Warehouse,023-069-049,2021-09-14,BOX-01472,75,warehouse 2
CLALITHAPOEL,C-001,75-2084,2.05,9.42,6.26,120.92,4,Tin Warehouse,023-069-050,2021-09-15,BOX-01473,64,warehouse 2
CLALITHAPOEL,C-001,75-2085,2.29,3.71,3.55,30.06,49,Tin Warehouse,023-069-051,2021-09-16,BOX-01474,36,warehouse 2
CLALITHAPOEL,C-001,75-2086,2.21,9.81,6.37,138.13,92,Tin Warehouse,023-069-052,2021-09-17,BOX-01475,49,warehouse 2
CLALITHAPOEL,C-001,75-2087,2.77,5.38,1.79,26.67,40,Tin Warehouse,023-069-053,2021-09-18,BOX-01476,39,warehouse 2
CLALITHAPOEL,C-001,75-2088,2.08,9.82,6.21,126.83,75,Tin Warehouse,023-069-054,2021-09-19,BOX-01477,97,warehouse 2
CLALITHAPOEL,C-001,75-2089,1.39,1.19,4.56,7.54,101,Tin Warehouse,023-069-055,2021-09-20,BOX-01478,57,warehouse 2
CLALITHAPOEL,C-001,75-2090,2.29,4.27,6.8,66.34,104,Tin Warehouse,023-069-056,2021-09-21,BOX-01479,65,warehouse 2
CLALITHAPOEL,C-001,75-2091,1.75,5.09,3.56,31.73,2,Tin Warehouse,023-069-057,2021-09-22,BOX-01480,81,warehouse 2
CLALITHAPOEL,C-001,75-2092,2.69,6.5,1.26,21.99,107,Tin Warehouse,023-069-058,2021-09-23,BOX-01481,29,warehouse 2
CLALITHAPOEL,C-001,75-2093,2.1,9.91,6.34,131.58,80,Tin Warehouse,023-069-059,2021-09-24,BOX-01482,93,warehouse 2
CLALITHAPOEL,C-001,75-2094,2.6,8.75,5.96,135.55,94,Tin Warehouse,023-069-060,2021-09-25,BOX-01483,55,warehouse 2
CLALITHAPOEL,C-001,75-2095,2.36,1.47,1.05,3.63,120,Tin Warehouse,023-069-061,2021-09-26,BOX-01484,55,warehouse 2
CLALITHAPOEL,C-001,75-2096,1.42,8.25,2.52,29.44,88,Tin Warehouse,023-069-062,2021-09-27,BOX-01485,28,warehouse 2
CLALITHAPOEL,C-001,75-2097,2.54,3.87,6.17,60.59,155,Tin Warehouse,023-069-063,2021-09-28,BOX-01486,59,warehouse 2
CLALITHAPOEL,C-001,75-2098,2.47,7.77,3.24,62.04,44,Tin Warehouse,023-069-064,2021-09-29,BOX-01487,98,warehouse 2
CLALITHAPOEL,C-001,75-2099,2.55,4.25,4.91,53.04,145,Tin Warehouse,023-069-065,2021-09-30,BOX-01488,8,warehouse 2
CLALITHAPOEL,C-001,75-2100,1.72,3.33,5.08,29.14,19,Tin Warehouse,023-069-066,2021-10-01,BOX-01489,99,warehouse 2
CLALITHAPOEL,C-001,75-2101,2.54,6.43,2.48,40.41,191,Tin Warehouse,023-069-067,2021-10-02,BOX-01490,70,warehouse 2
CLALITHAPOEL,C-001,75-2102,1.6,4.92,3.59,28.27,183,Tin Warehouse,023-069-068,2021-10-03,BOX-01491,61,warehouse 2
CLALITHAPOEL,C-001,75-2103,2.27,4.33,6.93,68.05,81,Tin Warehouse,023-069-069,2021-10-04,BOX-01492,31,warehouse 2
CLALITHAPOEL,C-001,75-2104,1.01,6.51,5.28,34.56,9,Tin Warehouse,023-069-070,2021-10-05,BOX-01493,48,warehouse 2
CLALITHAPOEL,C-001,75-2105,2.13,4.42,4.01,37.74,130,Tin Warehouse,023-069-071,2021-10-06,BOX-01494,28,warehouse 2
CLALITHAPOEL,C-001,75-2106,1.2,6.79,3.82,31.26,195,Tin Warehouse,023-069-072,2021-10-07,BOX-01495,20,warehouse 2
CLALITHAPOEL,C-001,75-2107,1.92,5.49,2.49,26.26,190,Tin Warehouse,023-069-073,2021-10-08,BOX-01496,60,warehouse 2
CLALITHAPOEL,C-001,75-2108,2.33,3.92,1.91,17.37,183,Tin Warehouse,023-069-074,2021-10-09,BOX-01497,74,warehouse 2
CLALITHAPOEL,C-001,75-2109,1.31,4.65,6.63,40.28,9,Tin Warehouse,023-069-075,2021-10-10,BOX-01498,95,warehouse 2
CLALITHAPOEL,C-001,75-2110,2.99,7.2,5.24,112.77,128,Tin Warehouse,023-069-076,2021-10-11,BOX-01499,49,warehouse 2
CLALITHAPOEL,C-001,75-2111,2.68,9.9,3.83,101.63,33,Tin Warehouse,023-069-077,2021-10-12,BOX-01500,51,warehouse 2
HPSA,C-002,75-0944,1.56,6.04,4.71,44.41,98,Warehouse 44,023-011-330,2021-02-13,BOX-00333,13,warehouse 2
HPSA,C-002,75-0945,1.93,6.17,1.05,12.53,36,Warehouse 45,023-011-331,2021-02-14,BOX-00334,61,warehouse 2
HPSA,C-002,75-0946,2.5,5.8,2.93,42.41,149,Warehouse 46,023-011-332,2021-02-15,BOX-00335,43,warehouse 2
HPSA,C-002,75-0947,2.52,1.84,4.18,19.38,49,Warehouse 47,023-011-333,2021-02-16,BOX-00336,36,warehouse 2
HPSA,C-002,75-0948,2.02,1.57,1.13,3.59,195,Warehouse 48,023-011-334,2021-02-17,BOX-00337,59,warehouse 2
HPSA,C-002,75-0949,1.67,5.19,3.25,28.2,30,Warehouse 49,023-011-335,2021-02-18,BOX-00338,1,warehouse 2
HPSA,C-002,75-0950,1.14,3.73,4.77,20.33,175,Warehouse 50,023-011-336,2021-02-19,BOX-00339,17,warehouse 2
HPSA,C-002,75-0951,2.39,2.01,2.41,11.55,86,Warehouse 51,023-011-337,2021-02-20,BOX-00340,13,warehouse 2
HPSA,C-002,75-0952,1.22,5.63,6.87,47.32,164,Warehouse 52,023-011-338,2021-02-21,BOX-00341,77,warehouse 2
HPSA,C-002,75-0953,1.46,6.48,5.86,55.66,127,Warehouse 53,023-011-339,2021-02-22,BOX-00342,75,warehouse 2
HPSA,C-002,75-0954,1.85,2.37,5.86,25.67,165,Warehouse 54,023-011-340,2021-02-23,BOX-00343,53,warehouse 2
HPSA,C-002,75-0955,1.86,2.83,2.53,13.38,100,Warehouse 55,023-011-341,2021-02-24,BOX-00344,17,warehouse 2
HPSA,C-002,75-0956,2.62,1.93,4.95,25.09,19,Warehouse 56,023-011-342,2021-02-25,BOX-00345,94,warehouse 2
HPSA,C-002,75-0957,2.6,9.82,1.35,34.49,139,Warehouse 57,023-011-343,2021-02-26,BOX-00346,54,warehouse 2
HPSA,C-002,75-0958,2.73,6.62,4.11,74.44,14,Warehouse 58,023-011-344,2021-02-27,BOX-00347,68,warehouse 2
HPSA,C-002,75-0959,1.73,8.92,3.82,59.14,37,Warehouse 59,023-011-345,2021-02-28,BOX-00348,3,warehouse 2
HPSA,C-002,75-0960,2.16,1.74,6.08,22.89,8,Warehouse 60,023-011-346,2021-03-01,BOX-00349,71,warehouse 2
HPSA,C-002,75-0961,1.03,4.03,3.82,15.84,98,Warehouse 61,023-011-347,2021-03-02,BOX-00350,11,warehouse 2
HPSA,C-002,75-0962,2.48,1.61,4.87,19.52,60,Warehouse 62,023-011-348,2021-03-03,BOX-00351,21,warehouse 2
HPSA,C-002,75-0963,2.55,1.84,5.34,25.05,143,Warehouse 63,023-011-349,2021-03-04,BOX-00352,87,warehouse 2
HPSA,C-002,75-0964,2.91,3.92,6.02,68.76,132,Warehouse 64,023-011-350,2021-03-05,BOX-00353,58,warehouse 2
HPSA,C-002,75-0965,1.58,5.06,6.17,49.2,72,Warehouse 65,023-011-351,2021-03-06,BOX-00354,84,warehouse 2
HPSA,C-002,75-0966,1.19,5.76,5.75,39.4,64,Warehouse 66,023-011-352,2021-03-07,BOX-00355,86,warehouse 2
HPSA,C-002,75-0967,2.85,6.2,4.84,85.42,54,Warehouse 67,023-011-353,2021-03-08,BOX-00356,51,warehouse 2
HPSA,C-002,75-0968,2.56,5.17,3.06,40.62,131,Warehouse 68,023-011-354,2021-03-09,BOX-00357,74,warehouse 2
HPSA,C-002,75-0969,1.53,6.83,3.63,37.91,134,Warehouse 69,023-011-355,2021-03-10,BOX-00358,1,warehouse 2
HPSA,C-002,75-0970,2.53,4.36,5.49,60.48,159,Warehouse 70,023-011-356,2021-03-11,BOX-00359,5,warehouse 2
HPSA,C-002,75-0971,1.35,4.56,3.75,23.03,160,Warehouse 71,023-011-357,2021-03-12,BOX-00360,73,warehouse 2
HPSA,C-002,75-0972,1.03,9.97,4.21,43.28,110,Warehouse 72,023-011-358,2021-03-13,BOX-00361,23,warehouse 2
HPSA,C-002,75-0973,1.5,7.59,5.74,65.53,88,Warehouse 73,023-011-359,2021-03-14,BOX-00362,71,warehouse 2
HPSA,C-002,75-0974,2.78,1.02,1.63,4.62,82,Warehouse 74,023-011-360,2021-03-15,BOX-00363,88,warehouse 2
HPSA,C-002,75-0975,1.98,8.47,4.49,75.25,191,Warehouse 75,023-011-361,2021-03-16,BOX-00364,3,warehouse 2
HPSA,C-002,75-0976,1.2,2.74,3.79,12.44,96,Warehouse 76,023-011-362,2021-03-17,BOX-00365,46,warehouse 2
HPSA,C-002,75-0977,1.42,9.39,5.96,79.27,169,Warehouse 77,023-011-363,2021-03-18,BOX-00366,6,warehouse 2
HPSA,C-002,75-0978,1.8,1.9,5.47,18.71,141,Warehouse 78,023-011-364,2021-03-19,BOX-00367,57,warehouse 2
HPSA,C-002,75-0979,2.92,3.71,2.93,31.73,133,Warehouse 79,023-011-365,2021-03-20,BOX-00368,40,warehouse 2
HPSA,C-002,75-0980,1.92,4.49,4.15,35.91,1,Warehouse 80,023-011-366,2021-03-21,BOX-00369,13,warehouse 2
HPSA,C-002,75-0981,2.92,8.92,5.66,147.13,114,Warehouse 81,023-011-367,2021-03-22,BOX-00370,35,warehouse 2
HPSA,C-002,75-0982,1.42,1.38,6.01,11.77,161,Warehouse 82,023-011-368,2021-03-23,BOX-00371,81,warehouse 2
HPSA,C-002,75-0983,1.53,7.11,1.63,17.74,77,Warehouse 83,023-011-369,2021-03-24,BOX-00372,65,warehouse 2
HPSA,C-002,75-0984,1.21,4.41,4.2,22.34,178,Warehouse 84,023-011-370,2021-03-25,BOX-00373,71,warehouse 2
HPSA,C-002,75-0985,1.05,4.74,1.28,6.37,49,Warehouse 85,023-011-371,2021-03-26,BOX-00374,30,warehouse 2
HPSA,C-002,75-0986,1.94,4.27,1.78,14.67,34,Warehouse 86,023-011-372,2021-03-27,BOX-00375,7,warehouse 2
HPSA,C-002,75-0987,1.57,5.08,4.05,32.29,161,Warehouse 87,023-011-373,2021-03-28,BOX-00376,13,warehouse 2
HPSA,C-002,75-0988,2.63,9.59,2.29,57.86,109,Warehouse 88,023-011-374,2021-03-29,BOX-00377,3,warehouse 2
HPSA,C-002,75-0989,1.51,7.18,3.05,33.18,58,Warehouse 89,023-011-375,2021-03-30,BOX-00378,64,warehouse 2
HPSA,C-002,75-0990,1.77,3.25,5.37,30.98,15,Warehouse 90,023-011-376,2021-03-31,BOX-00379,49,warehouse 2
HPSA,C-002,75-0991,1.54,5.88,1.1,9.95,171,Warehouse 91,023-011-377,2021-04-01,BOX-00380,83,warehouse 2
HPSA,C-002,75-0992,1.83,1.92,4.83,16.91,165,Warehouse 92,023-011-378,2021-04-02,BOX-00381,76,warehouse 2
HPSA,C-002,75-0993,2.71,6.88,1.46,27.26,7,Warehouse 93,023-011-379,2021-04-03,BOX-00382,72,warehouse 2
HPSA,C-002,75-0994,2.64,5.19,6.63,91.05,58,Warehouse 94,023-011-380,2021-04-04,BOX-00383,10,warehouse 2
HPSA,C-002,75-0995,1.15,7.24,2.23,18.51,111,Warehouse 95,023-011-381,2021-04-05,BOX-00384,50,warehouse 2
HPSA,C-002,75-0996,2.39,5.66,3.1,41.9,133,Warehouse 96,023-011-382,2021-04-06,BOX-00385,52,warehouse 2
HPSA,C-002,75-0997,1.96,8.53,6.29,104.93,10,Warehouse 97,023-011-383,2021-04-07,BOX-00386,75,warehouse 2
HPSA,C-002,75-0998,2.05,8.46,1.57,27.25,9,Warehouse 98,023-011-384,2021-04-08,BOX-00387,2,warehouse 2
HPSA,C-002,75-0999,2.63,8.51,6.91,154.7,125,Warehouse 99,023-011-385,2021-04-09,BOX-00388,95,warehouse 2
HPSA,C-002,75-1000,2.69,4.56,5.05,61.9,2,Warehouse 100,023-011-386,2021-04-10,BOX-00389,73,warehouse 2
HPSA,C-002,75-1001,1.98,1.04,5.48,11.26,18,Warehouse 101,023-011-387,2021-04-11,BOX-00390,28,warehouse 2
HPSA,C-002,75-1002,2.0,4.2,1.16,9.76,161,Warehouse 102,023-011-388,2021-04-12,BOX-00391,22,warehouse 2
HPSA,C-002,75-1003,1.66,2.22,2.35,8.7,99,Warehouse 103,023-011-389,2021-04-13,BOX-00392,24,warehouse 2
HPSA,C-002,75-1004,1.94,9.88,1.31,25.06,71,Warehouse 104,023-011-390,2021-04-14,BOX-00393,66,warehouse 2
HPSA,C-002,75-1005,2.02,3.68,6.19,45.97,125,Warehouse 105,023-011-391,2021-04-15,BOX-00394,30,warehouse 2
HPSA,C-002,75-1006,2.07,5.31,2.33,25.67,197,Warehouse 106,023-011-392,2021-04-16,BOX-00395,53,warehouse 2
HPSA,C-002,75-1007,1.76,6.87,5.21,62.92,80,Warehouse 107,023-011-393,2021-04-17,BOX-00396,14,warehouse 2
HPSA,C-002,75-1008,1.79,8.79,5.08,80.18,194,Warehouse 108,023-011-394,2021-04-18,BOX-00397,83,warehouse 2
HPSA,C-002,75-1009,2.97,3.33,4.99,49.43,175,Warehouse 109,023-011-395,2021-04-19,BOX-00398,99,warehouse 2
HPSA,C-002,75-1010,2.6,9.53,6.37,157.74,99,Warehouse 110,023-011-396,2021-04-20,BOX-00399,1,warehouse 2
HPSA,C-002,75-1011,1.89,8.2,2.92,45.25,168,Warehouse 111,023-011-397,2021-04-21,BOX-00400,84,warehouse 2
HPSA,C-002,75-1012,2.63,4.12,6.7,72.6,90,Warehouse 112,023-011-398,2021-04-22,BOX-00401,41,warehouse 2
HPSA,C-002,75-1013,2.37,2.62,2.5,15.48,71,Warehouse 113,023-011-399,2021-04-23,BOX-00402,35,warehouse 2
HPSA,C-002,75-1014,2.75,5.93,2.16,35.21,150,Warehouse 114,023-011-400,2021-04-24,BOX-00403,84,warehouse 2
HPSA,C-002,75-1015,1.19,2.62,2.87,8.91,21,Warehouse 115,023-011-401,2021-04-25,BOX-00404,21,warehouse 2
HPSA,C-002,75-1016,2.7,4.96,5.18,69.42,175,Warehouse 116,023-011-402,2021-04-26,BOX-00405,64,warehouse 2
HPSA,C-002,75-1017,2.69,2.61,3.96,27.81,107,Warehouse 117,023-011-403,2021-04-27,BOX-00406,100,warehouse 2
HPSA,C-002,75-1018,1.05,6.9,1.95,14.13,16,Warehouse 118,023-011-404,2021-04-28,BOX-00407,48,warehouse 2
HPSA,C-002,75-1019,2.4,7.33,3.84,67.48,21,Warehouse 119,023-011-405,2021-04-29,BOX-00408,71,warehouse 2
HPSA,C-002,75-1020,2.34,9.28,1.12,24.3,140,Warehouse 120,023-011-406,2021-04-30,BOX-00409,20,warehouse 2
HPSA,C-002,75-1021,1.77,7.37,2.78,36.39,104,Warehouse 121,023-011-407,2021-05-01,BOX-00410,87,warehouse 2
HPSA,C-002,75-1022,2.52,5.66,6.62,94.44,73,Warehouse 122,023-011-408,2021-05-02,BOX-00411,12,warehouse 2
HPSA,C-002,75-1023,2.3,4.22,4.91,47.67,169,Warehouse 123,023-011-409,2021-05-03,BOX-00412,72,warehouse 2
HPSA,C-002,75-1024,2.7,9.79,4.1,108.28,20,Warehouse 124,023-011-410,2021-05-04,BOX-00413,82,warehouse 2
HPSA,C-002,75-1025,1.35,5.56,2.94,22.05,140,Warehouse 125,023-011-411,2021-05-05,BOX-00414,98,warehouse 2
HPSA,C-002,75-1026,2.17,2.09,6.89,31.25,58,Warehouse 126,023-011-412,2021-05-06,BOX-00415,44,warehouse 2
HPSA,C-002,75-1027,1.49,7.58,6.16,69.5,17,Warehouse 127,023-011-413,2021-05-07,BOX-00416,34,warehouse 2
HPSA,C-002,75-1028,2.87,9.85,4.98,140.74,151,Warehouse 128,023-011-414,2021-05-08,BOX-00417,22,warehouse 2
HPSA,C-002,75-1029,1.17,5.55,3.2,20.87,1,Warehouse 129,023-011-415,2021-05-09,BOX-00418,33,warehouse 2
HPSA,C-002,75-1030,1.4,4.29,6.28,37.58,88,Warehouse 130,023-011-416,2021-05-10,BOX-00419,11,warehouse 2
HPSA,C-002,75-1031,2.06,9.03,4.86,90.25,3,Warehouse 131,023-011-417,2021-05-11,BOX-00420,71,warehouse 2
HPSA,C-002,75-1032,2.69,4.23,2.03,23.02,168,Warehouse 132,023-011-418,2021-05-12,BOX-00421,2,warehouse 2
HPSA,C-002,75-1033,1.92,6.92,2.2,29.26,2,Warehouse 133,023-011-419,2021-05-13,BOX-00422,69,warehouse 2
HPSA,C-002,75-1034,2.68,4.89,2.99,39.24,107,Warehouse 134,023-011-420,2021-05-14,BOX-00423,22,warehouse 2
HPSA,C-002,75-1035,1.25,1.84,4.12,9.46,108,Warehouse 135,023-011-421,2021-05-15,BOX-00424,19,warehouse 2
HPSA,C-002,75-1036,1.53,9.99,6.95,106.38,13,Warehouse 136,023-011-422,2021-05-16,BOX-00425,55,warehouse 2
HPSA,C-002,75-1037,1.53,4.53,2.39,16.51,54,Warehouse 137,023-011-423,2021-05-17,BOX-00426,32,warehouse 2
HPSA,C-002,75-1038,1.27,6.7,4.31,36.56,40,Warehouse 138,023-011-424,2021-05-18,BOX-00427,31,warehouse 2
HPSA,C-002,75-1039,1.31,4.67,3.73,22.72,167,Warehouse 139,023-011-425,2021-05-19,BOX-00428,1,warehouse 2
HPSA,C-002,75-1040,2.3,1.61,6.92,25.66,146,Warehouse 140,023-011-426,2021-05-20,BOX-00429,11,warehouse 2
HPSA,C-002,75-1041,1.3,6.27,6.42,52.22,154,Warehouse 141,023-011-427,2021-05-21,BOX-00430,12,warehouse 2
HPSA,C-002,75-1042,2.41,6.24,3.59,54.09,188,Warehouse 142,023-011-428,2021-05-22,BOX-00431,66,warehouse 2
HPSA,C-002,75-1043,2.87,4.62,3.24,42.97,26,Warehouse 143,023-011-429,2021-05-23,BOX-00432,41,warehouse 2
HPSA,C-002,75-1044,2.46,5.97,2.26,33.26,57,Warehouse 144,023-011-430,2021-05-24,BOX-00433,19,warehouse 2
IAIAI,C-003,SN-900-00-128-2/467,1.88,7.15,3.3,44.4,179,I7-467,002-001-466,2016-08-11,BOX-JUMB-0466,46,warehouse 2
IAIAI,C-003,SN-900-00-128-2/468,1.91,9.6,6.47,118.76,116,I7-468,002-001-467,2016-08-12,BOX-JUMB-0467,37,warehouse 2
IAIAI,C-003,SN-900-00-128-2/469,2.32,8.07,6.97,130.56,192,I7-469,002-001-468,2016-08-13,BOX-JUMB-0468,17,warehouse 2
IAIAI,C-003,SN-900-00-128-2/470,1.52,9.46,2.9,41.67,38,I7-470,002-001-469,2016-08-14,BOX-JUMB-0469,80,warehouse 2
IAIAI,C-003,SN-900-00-128-2/471,1.79,7.33,6.67,87.55,119,I7-471,002-001-470,2016-08-15,BOX-JUMB-0470,24,warehouse 2
IAIAI,C-003,SN-900-00-128-2/472,1.82,8.78,4.79,76.58,135,I7-472,002-001-471,2016-08-16,BOX-JUMB-0471,41,warehouse 2
IAIAI,C-003,SN-900-00-128-2/473,1.08,6.43,6.78,47.12,181,I7-473,002-001-472,2016-08-17,BOX-JUMB-0472,62,warehouse 2
IAIAI,C-003,SN-900-00-128-2/474,2.29,6.09,1.97,27.51,106,I7-474,002-001-473,2016-08-18,BOX-JUMB-0473,84,warehouse 2
IAIAI,C-003,SN-900-00-128-2/475,2.77,1.12,4.13,12.85,177,I7-475,002-001-474,2016-08-19,BOX-JUMB-0474,80,warehouse 2
IAIAI,C-003,SN-900-00-128-2/476,1.97,2.96,3.94,22.91,136,I7-476,002-001-475,2016-08-20,BOX-JUMB-0475,3,warehouse 2
IAIAI,C-003,SN-900-00-128-2/477,2.67,3.72,6.14,61.04,123,I7-477,002-001-476,2016-08-21,BOX-JUMB-0476,21,warehouse 2
IAIAI,C-003,SN-900-00-128-2/478,1.05,6.9,4.52,32.63,148,I7-478,002-001-477,2016-08-22,BOX-JUMB-0477,92,warehouse 2
IAIAI,C-003,SN-900-00-128-2/479,1.33,2.21,4.5,13.18,171,I7-479,002-001-478,2016-08-23,BOX-JUMB-0478,20,warehouse 2
IAIAI,C-003,SN-900-00-128-2/480,1.97,7.21,1.65,23.41,149,I7-480,002-001-479,2016-08-24,BOX-JUMB-0479,34,warehouse 2
IAIAI,C-003,SN-900-00-128-2/481,1.22,8.54,3.17,32.94,85,I7-481,002-001-480,2016-08-25,BOX-JUMB-0480,19,warehouse 2
IAIAI,C-003,SN-900-00-128-2/482,1.14,3.22,5.39,19.78,127,I7-482,002-001-481,2016-08-26,BOX-JUMB-0481,4,warehouse 2
IAIAI,C-003,SN-900-00-128-2/483,2.85,3.05,6.03,52.53,85,I7-483,002-001-482,2016-08-27,BOX-JUMB-0482,26,warehouse 2
IAIAI,C-003,SN-900-00-128-2/484,2.06,3.16,5.1,33.11,57,I7-484,002-001-483,2016-08-28,BOX-JUMB-0483,98,warehouse 2
IAIAI,C-003,SN-900-00-128-2/485,1.83,3.26,5.79,34.56,190,I7-485,002-001-484,2016-08-29,BOX-JUMB-0484,51,warehouse 2
IAIAI,C-003,SN-900-00-128-2/486,2.66,8.46,1.27,28.5,99,I7-486,002-001-485,2016-08-30,BOX-JUMB-0485,62,warehouse 2
IAIAI,C-003,SN-900-00-128-2/487,2.09,4.15,6.23,53.91,107,I7-487,002-001-486,2016-08-31,BOX-JUMB-0486,9,warehouse 2
IAIAI,C-003,SN-900-00-128-2/488,2.63,3.66,6.12,58.7,102,I7-488,002-001-487,2016-09-01,BOX-JUMB-0487,32,warehouse 2
IAIAI,C-003,SN-900-00-128-2/489,3.0,1.74,2.19,11.42,148,I7-489,002-001-488,2016-09-02,BOX-JUMB-0488,61,warehouse 2
IAIAI,C-003,SN-900-00-128-2/490,1.42,6.34,4.49,40.37,119,I7-490,002-001-489,2016-09-03,BOX-JUMB-0489,23,warehouse 2
IAIAI,C-003,SN-900-00-128-2/491,2.24,7.17,1.35,21.63,189,I7-491,002-001-490,2016-09-04,BOX-JUMB-0490,14,warehouse 2
IAIAI,C-003,SN-900-00-128-2/492,2.3,3.79,3.18,27.75,93,I7-492,002-001-491,2016-09-05,BOX-JUMB-0491,82,warehouse 2
IAIAI,C-003,SN-900-00-128-2/493,1.95,7.21,6.0,84.16,111,I7-493,002-001-492,2016-09-06,BOX-JUMB-0492,10,warehouse 2
IAIAI,C-003,SN-900-00-128-2/494,2.21,8.68,5.74,110.05,108,I7-494,002-001-493,2016-09-07,BOX-JUMB-0493,20,warehouse 2
IAIAI,C-003,SN-900-00-128-2/495,1.51,8.18,5.56,68.79,21,I7-495,002-001-494,2016-09-08,BOX-JUMB-0494,72,warehouse 2
IAIAI,C-003,SN-900-00-128-2/496,2.43,5.3,4.22,54.42,143,I7-496,002-001-495,2016-09-09,BOX-JUMB-0495,12,warehouse 2
IAIAI,C-003,SN-900-00-128-2/497,2.75,2.13,3.09,18.11,10,I7-497,002-001-496,2016-09-10,BOX-JUMB-0496,15,warehouse 2
IAIAI,C-003,SN-900-00-128-2/498,1.57,3.79,4.79,28.46,99,I7-498,002-001-497,2016-09-11,BOX-JUMB-0497,39,warehouse 2
IAIAI,C-003,SN-900-00-128-2/499,2.4,8.3,1.5,29.9,165,I7-499,002-001-498,2016-09-12,BOX-JUMB-0498,6,warehouse 2
IAIAI,C-003,SN-900-00-128-2/500,1.61,6.96,2.87,32.2,142,I7-500,002-001-499,2016-09-13,BOX-JUMB-0499,1,warehouse 2
IAIAI,C-003,SN-900-00-128-2/501,1.91,2.66,4.41,22.48,130,I7-501,002-001-500,2016-09-14,BOX-JUMB-0500,35,warehouse 2
IAIAI,C-003,SN-900-00-128-2/502,2.0,8.46,3.14,53.14,170,I7-502,002-001-501,2016-09-15,BOX-JUMB-0501,50,warehouse 2
IAIAI,C-003,SN-900-00-128-2/503,2.73,1.68,1.58,7.27,143,I7-503,002-001-502,2016-09-16,BOX-JUMB-0502,37,warehouse 2
IAIAI,C-003,SN-900-00-128-2/504,1.72,9.79,1.7,28.68,169,I7-504,002-001-503,2016-09-17,BOX-JUMB-0503,32,warehouse 2
IAIAI,C-003,SN-900-00-128-2/505,2.54,9.66,2.25,55.19,184,I7-505,002-001-504,2016-09-18,BOX-JUMB-0504,70,warehouse 2
IAIAI,C-003,SN-900-00-128-2/506,1.78,9.28,6.07,100.44,61,I7-506,002-001-505,2016-09-19,BOX-JUMB-0505,41,warehouse 2
IAIAI,C-003,SN-900-00-128-2/507,2.26,7.03,1.02,16.23,47,I7-507,002-001-506,2016-09-20,BOX-JUMB-0506,50,warehouse 2
IAIAI,C-003,SN-900-00-128-2/508,1.98,6.06,1.56,18.76,132,I7-508,002-001-507,2016-09-21,BOX-JUMB-0507,86,warehouse 2
IAIAI,C-003,SN-900-00-128-2/509,1.56,6.87,6.68,71.52,19,I7-509,002-001-508,2016-09-22,BOX-JUMB-0508,19,warehouse 2
IAIAI,C-003,SN-900-00-128-2/510,1.88,5.94,1.09,12.13,143,I7-510,002-001-509,2016-09-23,BOX-JUMB-0509,33,warehouse 2
IAIAI,C-003,SN-900-00-128-2/511,2.13,3.15,4.82,32.42,118,I7-511,002-001-510,2016-09-24,BOX-JUMB-0510,84,warehouse 2
IAIAI,C-003,SN-900-00-128-2/512,2.99,8.9,6.35,168.71,53,I7-512,002-001-511,2016-09-25,BOX-JUMB-0511,3,warehouse 2
IAIAI,C-003,SN-900-00-128-2/513,2.3,3.61,4.89,40.59,7,I7-513,002-001-512,2016-09-26,BOX-JUMB-0512,76,warehouse 2
IAIAI,C-003,SN-900-00-128-2/514,1.99,3.15,1.88,11.82,52,I7-514,002-001-513,2016-09-27,BOX-JUMB-0513,92,warehouse 2
IAIAI,C-003,SN-900-00-128-2/515,1.91,4.65,2.75,24.38,68,I7-515,002-001-514,2016-09-28,BOX-JUMB-0514,26,warehouse 2
IAIAI,C-003,SN-900-00-128-2/516,2.84,4.33,5.8,71.3,193,I7-516,002-001-515,2016-09-29,BOX-JUMB-0515,66,warehouse 2
IAIAI,C-003,SN-900-00-128-2/517,1.97,3.75,1.86,13.71,195,I7-517,002-001-516,2016-09-30,BOX-JUMB-0516,71,warehouse 2
IAIAI,C-003,SN-900-00-128-2/518,2.75,7.26,1.42,28.29,190,I7-518,002-001-517,2016-10-01,BOX-JUMB-0517,46,warehouse 2
IAIAI,C-003,SN-900-00-128-2/519,1.63,6.39,3.56,37.03,50,I7-519,002-001-518,2016-10-02,BOX-JUMB-0518,90,warehouse 2
IAIAI,C-003,SN-900-00-128-2/520,1.4,3.34,4.2,19.61,163,I7-520,002-001-519,2016-10-03,BOX-JUMB-0519,96,warehouse 2
IAIAI,C-003,SN-900-00-128-2/521,1.16,6.48,2.01,15.15,146,I7-521,002-001-520,2016-10-04,BOX-JUMB-0520,19,warehouse 2
IAIAI,C-003,SN-900-00-128-2/522,1.3,1.85,2.3,5.53,142,I7-522,002-001-521,2016-10-05,BOX-JUMB-0521,56,warehouse 2
IAIAI,C-003,SN-900-00-128-2/523,2.4,5.22,4.89,61.35,188,I7-523,002-001-522,2016-10-06,BOX-JUMB-0522,62,warehouse 2
IAIAI,C-003,SN-900-00-128-2/524,1.06,4.17,1.89,8.37,61,I7-524,002-001-523,2016-10-07,BOX-JUMB-0523,63,warehouse 2
IAIAI,C-003,SN-900-00-128-2/525,2.83,1.9,4.66,25.0,92,I7-525,002-001-524,2016-10-08,BOX-JUMB-0524,3,warehouse 2
IAIAI,C-003,SN-900-00-128-2/526,2.99,4.1,3.76,45.99,73,I7-526,002-001-525,2016-10-09,BOX-JUMB-0525,43,warehouse 2
IAIAI,C-003,SN-900-00-128-2/527,1.01,1.22,3.36,4.15,69,I7-527,002-001-526,2016-10-10,BOX-JUMB-0526,91,warehouse 2
IAIAI,C-003,SN-900-00-128-2/528,1.49,3.22,4.65,22.29,191,I7-528,002-001-527,2016-10-11,BOX-JUMB-0527,16,warehouse 2
IAIAI,C-003,SN-900-00-128-2/529,1.68,3.81,5.22,33.47,2,I7-529,002-001-528,2016-10-12,BOX-JUMB-0528,30,warehouse 2
IAIAI,C-003,SN-900-00-128-2/530,2.72,4.33,2.31,27.14,111,I7-530,002-001-529,2016-10-13,BOX-JUMB-0529,94,warehouse 2
IAIAI,C-003,SN-900-00-128-2/531,1.75,7.13,4.02,50.25,101,I7-531,002-001-530,2016-10-14,BOX-JUMB-0530,20,warehouse 2
IAIAI,C-003,SN-900-00-128-2/532,2.34,1.83,2.24,9.58,130,I7-532,002-001-531,2016-10-15,BOX-JUMB-0531,51,warehouse 2
IAIAI,C-003,SN-900-00-128-2/533,1.19,9.75,4.58,53.12,64,I7-533,002-001-532,2016-10-16,BOX-JUMB-0532,13,warehouse 2
IAIAI,C-003,SN-900-00-128-2/534,1.06,3.61,5.47,20.96,42,I7-534,002-001-533,2016-10-17,BOX-JUMB-0533,94,warehouse 2
IAIAI,C-003,SN-900-00-128-2/535,2.83,7.48,4.69,99.33,110,I7-535,002-001-534,2016-10-18,BOX-JUMB-0534,43,warehouse 2
IAIAI,C-003,SN-900-00-128-2/536,1.25,9.36,2.68,31.26,12,I7-536,002-001-535,2016-10-19,BOX-JUMB-0535,96,warehouse 2
IAIAI,C-003,SN-900-00-128-2/537,1.66,1.5,3.13,7.78,142,I7-537,002-001-536,2016-10-20,BOX-JUMB-0536,80,warehouse 2
IAIAI,C-003,SN-900-00-128-2/538,2.14,5.12,6.95,76.24,45,I7-538,002-001-537,2016-10-21,BOX-JUMB-0537,61,warehouse 2
IAIAI,C-003,SN-900-00-128-2/539,2.52,9.81,4.69,116.01,71,I7-539,002-001-538,2016-10-22,BOX-JUMB-0538,61,warehouse 2
IAIAI,C-003,SN-900-00-128-2/540,2.22,2.77,5.19,31.89,14,I7-540,002-001-539,2016-10-23,BOX-JUMB-0539,94,warehouse 2
IAIAI,C-003,SN-900-00-128-2/541,2.75,8.43,6.22,144.11,185,I7-541,002-001-540,2016-10-24,BOX-JUMB-0540,14,warehouse 2
IAIAI,C-003,SN-900-00-128-2/542,2.72,2.58,2.88,20.18,34,I7-542,002-001-541,2016-10-25,BOX-JUMB-0541,28,warehouse 2
IAIAI,C-003,SN-900-00-128-2/543,1.63,4.33,4.32,30.43,170,I7-543,002-001-542,2016-10-26,BOX-JUMB-0542,82,warehouse 2
IAIAI,C-003,SN-900-00-128-2/544,1.51,4.44,5.91,39.52,123,I7-544,002-001-543,2016-10-27,BOX-JUMB-0543,2,warehouse 2
IAIAI,C-003,SN-900-00-128-2/545,1.22,6.88,5.15,43.1,64,I7-545,002-001-544,2016-10-28,BOX-JUMB-0544,91,warehouse 2
IAIAI,C-003,SN-900-00-128-2/546,1.83,7.71,5.45,76.83,125,I7-546,002-001-545,2016-10-29,BOX-JUMB-0545,67,warehouse 2
IAIAI,C-003,SN-900-00-128-2/547,2.7,8.01,4.15,89.96,178,I7-547,002-001-546,2016-10-30,BOX-JUMB-0546,93,warehouse 2
IAIAI,C-003,SN-900-00-128-2/548,1.79,4.0,2.49,17.85,27,I7-548,002-001-547,2016-10-31,BOX-JUMB-0547,14,warehouse 2
IAIAI,C-003,SN-900-00-128-2/549,1.23,6.6,6.09,49.64,67,I7-549,002-001-548,2016-11-01,BOX-JUMB-0548,7,warehouse 2
IAIAI,C-003,SN-900-00-128-2/550,1.76,7.05,2.76,34.28,139,I7-550,002-001-549,2016-11-02,BOX-JUMB-0549,87,warehouse 2
IAIAI,C-003,SN-900-00-128-2/551,2.07,3.25,5.06,34.08,32,I7-551,002-001-550,2016-11-03,BOX-JUMB-0550,63,warehouse 2
IAIAI,C-003,SN-900-00-128-2/552,1.13,5.02,4.36,24.76,170,I7-552,002-001-551,2016-11-04,BOX-JUMB-0551,97,warehouse 2
IAIAI,C-003,SN-900-00-128-2/553,1.22,9.43,2.23,25.67,93,I7-553,002-001-552,2016-11-05,BOX-JUMB-0552,73,warehouse 2
IAIAI,C-003,SN-900-00-128-2/554,2.67,3.56,3.58,33.97,156,I7-554,002-001-553,2016-11-06,BOX-JUMB-0553,30,warehouse 2
IAIAI,C-003,SN-900-00-128-2/555,1.82,9.24,5.59,94.17,1,I7-555,002-001-554,2016-11-07,BOX-JUMB-0554,20,warehouse 2
IAIAI,C-003,SN-900-00-128-2/556,1.39,4.97,4.93,34.05,107,I7-556,002-001-555,2016-11-08,BOX-JUMB-0555,53,warehouse 2
IAIAI,C-003,SN-900-00-128-2/557,1.27,3.15,4.49,17.97,111,I7-557,002-001-556,2016-11-09,BOX-JUMB-0556,54,warehouse 2
IAIAI,C-003,SN-900-00-128-2/558,2.38,6.03,3.39,48.7,159,I7-558,002-001-557,2016-11-10,BOX-JUMB-0557,53,warehouse 2
IAIAI,C-003,SN-900-00-128-2/559,2.0,6.84,4.11,56.07,93,I7-559,002-001-558,2016-11-11,BOX-JUMB-0558,95,warehouse 2
IAIAI,C-003,SN-900-00-128-2/560,2.56,5.22,4.81,64.38,200,I7-560,002-001-559,2016-11-12,BOX-JUMB-0559,51,warehouse 2
IAIAI,C-003,SN-900-00-128-2/561,2.66,6.4,4.23,72.09,130,I7-561,002-001-560,2016-11-13,BOX-JUMB-0560,83,warehouse 2
IAIAI,C-003,SN-900-00-128-2/562,1.67,7.33,2.48,30.45,176,I7-562,002-001-561,2016-11-14,BOX-JUMB-0561,78,warehouse 2
IAIAI,C-003,SN-900-00-128-2/563,2.48,7.18,5.55,98.88,109,I7-563,002-001-562,2016-11-15,BOX-JUMB-0562,98,warehouse 2
IAIAI,C-003,SN-900-00-128-2/564,2.02,7.29,3.22,47.43,154,I7-564,002-001-563,2016-11-16,BOX-JUMB-0563,31,warehouse 2
IAIAI,C-003,SN-900-00-128-2/565,1.22,4.43,5.47,29.53,198,I7-565,002-001-564,2016-11-17,BOX-JUMB-0564,82,warehouse 2
IAIAI,C-003,SN-900-00-128-2/566,1.33,5.02,3.8,25.41,165,I7-566,002-001-565,2016-11-18,BOX-JUMB-0565,22,warehouse 2
IAIAI,C-003,SN-900-00-128-2/567,2.86,1.66,5.42,25.67,55,I7-567,002-001-566,2016-11-19,BOX-JUMB-0566,49,warehouse 2
IAIAI,C-003,SN-900-00-128-2/568,1.24,6.48,1.73,13.93,18,I7-568,002-001-567,2016-11-20,BOX-JUMB-0567,66,warehouse 2
IAIAI,C-003,SN-900-00-128-2/569,1.89,8.78,5.67,94.25,148,I7-569,002-001-568,2016-11-21,BOX-JUMB-0568,2,warehouse 2
IAIAI,C-003,SN-900-00-128-2/570,2.71,8.8,4.66,111.17,27,I7-570,002-001-569,2016-11-22,BOX-JUMB-0569,30,warehouse 2
IAIAI,C-003,SN-900-00-128-2/571,2.77,6.88,1.7,32.41,61,I7-571,002-001-570,2016-11-23,BOX-JUMB-0570,71,warehouse 2
IAIAI,C-003,SN-900-00-128-2/572,2.89,7.53,1.98,43.06,45,I7-572,002-001-571,2016-11-24,BOX-JUMB-0571,61,warehouse 2
IAIAI,C-003,SN-900-00-128-2/573,1.21,5.3,2.13,13.67,125,I7-573,002-001-572,2016-11-25,BOX-JUMB-0572,86,warehouse 2
IAIAI,C-003,SN-900-00-128-2/574,2.09,6.78,2.32,32.97,189,I7-574,002-001-573,2016-11-26,BOX-JUMB-0573,53,warehouse 2
IAIAI,C-003,SN-900-00-128-2/575,2.78,2.8,5.17,40.28,71,I7-575,002-001-574,2016-11-27,BOX-JUMB-0574,13,warehouse 2
IAIAI,C-003,SN-900-00-128-2/576,1.71,9.11,2.07,32.21,72,I7-576,002-001-575,2016-11-28,BOX-JUMB-0575,10,warehouse 2
IAIAI,C-003,SN-900-00-128-2/577,2.22,5.44,1.48,17.92,79,I7-577,002-001-576,2016-11-29,BOX-JUMB-0576,21,warehouse 2
IAIAI,C-003,SN-900-00-128-2/578,1.68,2.3,5.06,19.59,101,I7-578,002-001-577,2016-11-30,BOX-JUMB-0577,1,warehouse 2
IAIAI,C-003,SN-900-00-128-2/579,1.59,6.88,5.15,56.32,56,I7-579,002-001-578,2016-12-01,BOX-JUMB-0578,36,warehouse 2
IAIAI,C-003,SN-900-00-128-2/580,2.89,7.26,5.57,116.77,16,I7-580,002-001-579,2016-12-02,BOX-JUMB-0579,90,warehouse 2
IAIAI,C-003,SN-900-00-128-2/581,1.17,4.14,2.42,11.73,90,I7-581,002-001-580,2016-12-03,BOX-JUMB-0580,74,warehouse 2
IAIAI,C-003,SN-900-00-128-2/582,2.46,9.44,4.95,114.84,27,I7-582,002-001-581,2016-12-04,BOX-JUMB-0581,30,warehouse 2
IAIAI,C-003,SN-900-00-128-2/583,2.66,6.27,5.05,84.14,20,I7-583,002-001-582,2016-12-05,BOX-JUMB-0582,27,warehouse 2
IAIAI,C-003,SN-900-00-128-2/584,1.57,7.08,3.13,34.76,166,I7-584,002-001-583,2016-12-06,BOX-JUMB-0583,84,warehouse 2
IAIAI,C-003,SN-900-00-128-2/585,1.67,1.2,1.61,3.21,150,I7-585,002-001-584,2016-12-07,BOX-JUMB-0584,38,warehouse 2
IAIAI,C-003,SN-900-00-128-2/586,2.73,8.26,5.52,124.46,78,I7-586,002-001-585,2016-12-08,BOX-JUMB-0585,57,warehouse 2
IAIAI,C-003,SN-900-00-128-2/587,1.83,6.07,1.24,13.82,180,I7-587,002-001-586,2016-12-09,BOX-JUMB-0586,17,warehouse 2
IAIAI,C-003,SN-900-00-128-2/588,2.0,1.83,6.56,23.95,100,I7-588,002-001-587,2016-12-10,BOX-JUMB-0587,46,warehouse 2
IAIAI,C-003,SN-900-00-128-2/589,1.4,8.81,5.32,65.41,44,I7-589,002-001-588,2016-12-11,BOX-JUMB-0588,41,warehouse 2
IAIAI,C-003,SN-900-00-128-2/590,2.97,2.63,1.45,11.3,62,I7-590,002-001-589,2016-12-12,BOX-JUMB-0589,11,warehouse 2
IAIAI,C-003,SN-900-00-128-2/591,2.03,8.08,3.18,52.26,97,I7-591,002-001-590,2016-12-13,BOX-JUMB-0590,59,warehouse 2
IAIAI,C-003,SN-900-00-128-2/592,1.87,5.36,6.49,64.88,25,I7-592,002-001-591,2016-12-14,BOX-JUMB-0591,53,warehouse 2
IAIAI,C-003,SN-900-00-128-2/593,1.15,6.94,4.01,31.84,30,I7-593,002-001-592,2016-12-15,BOX-JUMB-0592,7,warehouse 2
IAIAI,C-003,SN-900-00-128-2/594,1.16,6.61,6.03,46.07,77,I7-594,002-001-593,2016-12-16,BOX-JUMB-0593,2,warehouse 2
IAIAI,C-003,SN-900-00-128-2/595,1.54,6.42,4.5,44.44,154,I7-595,002-001-594,2016-12-17,BOX-JUMB-0594,98,warehouse 2
IAIAI,C-003,SN-900-00-128-2/596,2.52,6.16,1.95,30.32,167,I7-596,002-001-595,2016-12-18,BOX-JUMB-0595,69,warehouse 2
IAIAI,C-003,SN-900-00-128-2/597,2.96,6.21,2.26,41.43,24,I7-597,002-001-596,2016-12-19,BOX-JUMB-0596,3,warehouse 2
IAIAI,C-003,SN-900-00-128-2/598,1.27,2.63,6.92,23.08,48,I7-598,002-001-597,2016-12-20,BOX-JUMB-0597,10,warehouse 2
IAIAI,C-003,SN-900-00-128-2/599,2.81,1.66,4.65,21.75,102,I7-599,002-001-598,2016-12-21,BOX-JUMB-0598,82,warehouse 2
IAIAI,C-003,SN-900-00-128-2/600,2.87,9.6,5.52,152.24,59,I7-600,002-001-599,2016-12-22,BOX-JUMB-0599,97,warehouse 2
IAIAI,C-003,SN-900-00-128-2/601,2.23,1.11,5.36,13.22,70,I7-601,002-001-600,2016-12-23,BOX-JUMB-0600,50,warehouse 2
IAIAI,C-003,SN-900-00-128-2/602,1.96,5.08,4.39,43.69,57,I7-602,002-001-601,2016-12-24,BOX-JUMB-0601,35,warehouse 2
IAIAI,C-003,SN-900-00-128-2/603,1.58,2.84,1.97,8.84,70,I7-603,002-001-602,2016-12-25,BOX-JUMB-0602,1,warehouse 2
IAIAI,C-003,SN-900-00-128-2/604,2.25,1.18,3.29,8.75,76,I7-604,002-001-603,2016-12-26,BOX-JUMB-0603,99,warehouse 2
IAIAI,C-003,SN-900-00-128-2/605,2.84,5.02,2.7,38.46,82,I7-605,002-001-604,2016-12-27,BOX-JUMB-0604,32,warehouse 2
IAIAI,C-003,SN-900-00-128-2/606,1.34,7.18,5.6,53.88,160,I7-606,002-001-605,2016-12-28,BOX-JUMB-0605,92,warehouse 2
IAIAI,C-003,SN-900-00-128-2/607,1.78,5.34,4.65,44.21,119,I7-607,002-001-606,2016-12-29,BOX-JUMB-0606,72,warehouse 2
IAIAI,C-003,SN-900-00-128-2/608,2.0,8.4,5.73,96.2,103,I7-608,002-001-607,2016-12-30,BOX-JUMB-0607,50,warehouse 2
IAIAI,C-003,SN-900-00-128-2/609,1.67,6.04,3.67,36.97,161,I7-609,002-001-608,2016-12-31,BOX-JUMB-0608,4,warehouse 2
IAIAI,C-003,SN-900-00-128-2/610,1.8,9.98,4.57,82.13,196,I7-610,002-001-609,2017-01-01,BOX-JUMB-0609,59,warehouse 2
IAIAI,C-003,SN-900-00-128-2/611,1.97,9.3,3.61,66.15,19,I7-611,002-001-610,2017-01-02,BOX-JUMB-0610,34,warehouse 2
IAIAI,C-003,SN-900-00-128-2/612,1.95,4.93,4.37,42.06,2,I7-612,002-001-611,2017-01-03,BOX-JUMB-0611,90,warehouse 2
IAIAI,C-003,SN-900-00-128-2/613,2.4,3.95,3.79,35.95,142,I7-613,002-001-612,2017-01-04,BOX-JUMB-0612,31,warehouse 2
IAIAI,C-003,SN-900-00-128-2/614,1.45,8.46,4.99,61.4,163,I7-614,002-001-613,2017-01-05,BOX-JUMB-0613,74,warehouse 2
IAIAI,C-003,SN-900-00-128-2/615,1.95,3.18,6.75,41.79,82,I7-615,002-001-614,2017-01-06,BOX-JUMB-0614,99,warehouse 2
IAIAI,C-003,SN-900-00-128-2/616,2.49,2.41,5.32,31.84,155,I7-616,002-001-615,2017-01-07,BOX-JUMB-0615,85,warehouse 2
IAIAI,C-003,SN-900-00-128-2/617,1.09,9.16,5.57,55.74,137,I7-617,002-001-616,2017-01-08,BOX-JUMB-0616,28,warehouse 2
IAIAI,C-003,SN-900-00-128-2/618,2.4,6.23,1.66,24.83,98,I7-618,002-001-617,2017-01-09,BOX-JUMB-0617,100,warehouse 2
IAIAI,C-003,SN-900-00-128-2/619,2.8,1.91,4.54,24.24,101,I7-619,002-001-618,2017-01-10,BOX-JUMB-0618,94,warehouse 2
IAIAI,C-003,SN-900-00-128-2/620,1.99,7.27,6.85,99.19,57,I7-620,002-001-619,2017-01-11,BOX-JUMB-0619,44,warehouse 2
IAIAI,C-003,SN-900-00-128-2/621,1.23,8.14,5.8,58.2,136,I7-621,002-001-620,2017-01-12,BOX-JUMB-0620,35,warehouse 2
IAIAI,C-003,SN-900-00-128-2/622,1.34,4.22,4.23,23.98,80,I7-622,002-001-621,2017-01-13,BOX-JUMB-0621,21,warehouse 2
IAIAI,C-003,SN-900-00-128-2/623,1.48,6.51,3.63,34.91,148,I7-623,002-001-622,2017-01-14,BOX-JUMB-0622,67,warehouse 2
IAIAI,C-003,SN-900-00-128-2/624,1.85,6.55,1.6,19.27,42,I7-624,002-001-623,2017-01-15,BOX-JUMB-0623,13,warehouse 2
IAIAI,C-003,SN-900-00-128-2/625,2.9,5.04,6.66,97.18,6,I7-625,002-001-624,2017-01-16,BOX-JUMB-0624,34,warehouse 2
IAIAI,C-003,SN-900-00-128-2/626,2.63,9.98,5.62,147.5,116,I7-626,002-001-625,2017-01-17,BOX-JUMB-0625,52,warehouse 2
IAIAI,C-003,SN-900-00-128-2/627,1.64,9.63,3.79,59.84,150,I7-627,002-001-626,2017-01-18,BOX-JUMB-0626,42,warehouse 2
IAIAI,C-003,SN-900-00-128-2/628,1.67,9.45,3.22,50.83,34,I7-628,002-001-627,2017-01-19,BOX-JUMB-0627,1,warehouse 2
IAIAI,C-003,SN-900-00-128-2/629,2.98,1.92,2.8,16.02,58,I7-629,002-001-628,2017-01-20,BOX-JUMB-0628,94,warehouse 2
IAIAI,C-003,SN-900-00-128-2/630,2.99,3.66,4.12,45.14,175,I7-630,002-001-629,2017-01-21,BOX-JUMB-0629,59,warehouse 2
IAIAI,C-003,SN-900-00-128-2/631,1.01,2.76,3.0,8.35,107,I7-631,002-001-630,2017-01-22,BOX-JUMB-0630,37,warehouse 2
IAIAI,C-003,SN-900-00-128-2/632,2.19,5.05,5.6,62.01,129,I7-632,002-001-631,2017-01-23,BOX-JUMB-0631,15,warehouse 2
IAIAI,C-003,SN-900-00-128-2/633,2.38,2.19,6.47,33.69,71,I7-633,002-001-632,2017-01-24,BOX-JUMB-0632,57,warehouse 2
IAIAI,C-003,SN-900-00-128-2/634,1.29,7.99,5.67,58.35,130,I7-634,002-001-633,2017-01-25,BOX-JUMB-0633,62,warehouse 2
IAIAI,C-003,SN-900-00-128-2/635,2.21,5.04,5.3,58.98,143,I7-635,002-001-634,2017-01-26,BOX-JUMB-0634,28,warehouse 2
IAIAI,C-003,SN-900-00-128-2/636,2.8,9.41,3.87,101.96,116,I7-636,002-001-635,2017-01-27,BOX-JUMB-0635,53,warehouse 2
IAIAI,C-003,SN-900-00-128-2/637,2.21,6.26,1.86,25.74,8,I7-637,002-001-636,2017-01-28,BOX-JUMB-0636,47,warehouse 2
ORBO,C-005,75-2661,2.3,1.23,6.82,14.1,42,Warehouse 1,023-069-627,2021-04-14,BOX-00521,93,warehouse 2
ORBO,C-005,75-2662,2.31,6.96,2.62,36.88,154,Warehouse 1,023-069-628,2021-04-15,BOX-00522,63,warehouse 2
ORBO,C-005,75-2663,2.31,2.94,4.14,29.95,110,Warehouse 1,023-069-629,2021-04-16,BOX-00523,24,warehouse 2
ORBO,C-005,75-2664,2.31,5.11,2.19,26.02,2,Warehouse 1,023-069-630,2021-04-17,BOX-00524,90,warehouse 2
ORBO,C-005,75-2665,2.31,3.12,2.16,6.88,105,Warehouse 1,023-069-631,2021-04-18,BOX-00525,55,warehouse 2
ORBO,C-005,75-2666,2.32,6.36,3.46,34.64,113,Warehouse 1,023-069-632,2021-04-19,BOX-00526,61,warehouse 2
ORBO,C-005,75-2667,2.32,7.8,4.74,95.64,26,Warehouse 1,023-069-633,2021-04-20,BOX-00527,51,warehouse 2
ORBO,C-005,75-2668,2.33,8.65,4.61,70.77,22,Warehouse 1,023-069-634,2021-04-21,BOX-00528,95,warehouse 2
ORBO,C-005,75-2669,2.33,7.72,5.39,114.39,162,Warehouse 1,023-069-635,2021-04-22,BOX-00529,16,warehouse 2
ORBO,C-005,75-2670,2.34,1.23,1.76,6.03,37,Warehouse 1,023-069-636,2021-04-23,BOX-00530,44,warehouse 2
ORBO,C-005,75-2671,2.34,6.19,1.95,25.14,187,Warehouse 1,023-069-637,2021-04-24,BOX-00531,39,warehouse 2
ORBO,C-005,75-2672,2.34,9.11,5.8,119.94,168,Warehouse 1,023-069-638,2021-04-25,BOX-00532,56,warehouse 2
ORBO,C-005,75-2673,2.34,3.68,2.83,31.2,108,Warehouse 1,023-069-639,2021-04-26,BOX-00533,62,warehouse 2
ORBO,C-005,75-2674,2.34,1.84,5.06,12.0,58,Warehouse 1,023-069-640,2021-04-27,BOX-00534,21,warehouse 2
ORBO,C-005,75-2675,2.34,6.69,4.96,86.71,58,Warehouse 1,023-069-641,2021-04-28,BOX-00535,40,warehouse 2
ORBO,C-005,75-2676,2.35,9.32,3.48,81.54,123,Warehouse 1,023-069-642,2021-04-29,BOX-00536,80,warehouse 2
ORBO,C-005,75-2677,2.35,2.32,2.36,13.95,171,Warehouse 1,023-069-643,2021-04-30,BOX-00537,2,warehouse 2
ORBO,C-005,75-2678,2.35,3.91,3.8,17.9,64,Warehouse 1,023-069-644,2021-05-01,BOX-00538,29,warehouse 2
ORBO,C-005,75-2679,2.35,1.89,1.04,3.17,65,Warehouse 1,023-069-645,2021-05-02,BOX-00539,37,warehouse 2
ORBO,C-005,75-2680,2.35,3.64,4.44,26.41,180,Warehouse 1,023-069-646,2021-05-03,BOX-00540,67,warehouse 2
ORBO,C-005,75-2681,2.36,7.87,3.33,33.92,144,Warehouse 1,023-069-647,2021-05-04,BOX-00541,85,warehouse 2
ORBO,C-005,75-2682,2.36,3.1,2.65,19.25,151,Warehouse 1,023-069-648,2021-05-05,BOX-00542,4,warehouse 2
ORBO,C-005,75-2683,2.36,2.6,2.24,13.41,140,Warehouse 1,023-069-649,2021-05-06,BOX-00543,47,warehouse 2
ORBO,C-005,75-2684,2.36,5.72,3.96,47.29,146,Warehouse 1,023-069-650,2021-05-07,BOX-00544,65,warehouse 2
ORBO,C-005,75-2685,2.36,8.55,1.63,41.25,55,Warehouse 1,023-069-651,2021-05-08,BOX-00545,11,warehouse 2
ORBO,C-005,75-2686,2.36,4.12,2.22,22.69,38,Warehouse 1,023-069-652,2021-05-09,BOX-00546,75,warehouse 2
ORBO,C-005,75-2687,2.37,5.95,6.3,66.49,145,Warehouse 1,023-069-653,2021-05-10,BOX-00547,77,warehouse 2
ORBO,C-005,75-2688,2.37,8.13,5.19,97.7,67,Warehouse 1,023-069-654,2021-05-11,BOX-00548,29,warehouse 2
ORBO,C-005,75-2689,2.38,9.51,2.45,41.98,70,Warehouse 1,023-069-655,2021-05-12,BOX-00549,78,warehouse 2
ORBO,C-005,75-2690,2.38,8.15,4.81,117.3,130,Warehouse 1,023-069-656,2021-05-13,BOX-00550,95,warehouse 2
ORBO,C-005,75-2691,2.38,3.38,6.85,48.3,112,Warehouse 1,023-069-657,2021-05-14,BOX-00551,66,warehouse 2
ORBO,C-005,75-2692,2.39,5.39,2.54,16.18,33,Warehouse 1,023-069-658,2021-05-15,BOX-00552,44,warehouse 2
ORBO,C-005,75-2693,2.39,8.56,1.44,35.12,180,Warehouse 1,023-069-659,2021-05-16,BOX-00553,22,warehouse 2
ORBO,C-005,75-2694,2.39,3.78,6.9,55.6,40,Warehouse 1,023-069-660,2021-05-17,BOX-00554,10,warehouse 2
ORBO,C-005,75-2695,2.39,2.24,3.78,10.65,147,Warehouse 1,023-069-661,2021-05-18,BOX-00555,20,warehouse 2
ORBO,C-005,75-2696,2.39,6.62,3.07,30.71,17,Warehouse 1,023-069-662,2021-05-19,BOX-00556,60,warehouse 2
ORBO,C-005,75-2697,2.4,1.56,6.93,23.06,4,Warehouse 1,023-069-663,2021-05-20,BOX-00557,62,warehouse 2
ORBO,C-005,75-2698,2.4,3.24,3.04,14.54,44,Warehouse 1,023-069-664,2021-05-21,BOX-00558,18,warehouse 2
ORBO,C-005,75-2699,2.41,5.89,6.33,69.85,185,Warehouse 1,023-069-665,2021-05-22,BOX-00559,78,warehouse 2
ORBO,C-005,75-2700,2.41,6.41,1.78,13.31,74,Warehouse 1,023-069-666,2021-05-23,BOX-00560,31,warehouse 2
ORBO,C-005,75-2701,2.41,6.28,5.37,52.16,84,Warehouse 1,023-069-667,2021-05-24,BOX-00561,90,warehouse 2
ORBO,C-005,75-2702,2.41,1.68,2.26,5.24,159,Warehouse 1,023-069-668,2021-05-25,BOX-00562,67,warehouse 2
ORBO,C-005,75-2703,2.41,6.62,4.23,32.95,12,Warehouse 1,023-069-669,2021-05-26,BOX-00563,62,warehouse 2
ORBO,C-005,75-2704,2.42,1.85,6.82,37.49,122,Warehouse 1,023-069-670,2021-05-27,BOX-00564,60,warehouse 2
ORBO,C-005,75-2705,2.42,9.27,1.55,37.47,116,Warehouse 1,023-069-671,2021-05-28,BOX-00565,13,warehouse 2
ORBO,C-005,75-2706,2.42,8.38,6.87,82.82,50,Warehouse 1,023-069-672,2021-05-29,BOX-00566,22,warehouse 2
ORBO,C-005,75-2707,2.42,4.02,2.19,11.97,106,Warehouse 1,023-069-673,2021-05-30,BOX-00567,60,warehouse 2
ORBO,C-005,75-2708,2.42,7.94,2.67,39.97,20,Warehouse 1,023-069-674,2021-05-31,BOX-00568,33,warehouse 2
ORBO,C-005,75-2709,2.42,4.78,2.4,31.27,75,Warehouse 1,023-069-675,2021-06-01,BOX-00569,69,warehouse 2
ORBO,C-005,75-2710,2.42,3.24,3.08,25.24,168,Warehouse 1,023-069-676,2021-06-02,BOX-00570,50,warehouse 2
ORBO,C-005,75-2711,2.42,7.6,6.75,83.66,93,Warehouse 1,023-069-677,2021-06-03,BOX-00571,89,warehouse 2
ORBO,C-005,75-2712,2.43,9.63,1.54,42.86,83,Warehouse 1,023-069-678,2021-06-04,BOX-00572,36,warehouse 2
ORBO,C-005,75-2713,2.43,7.02,5.25,78.81,96,Warehouse 1,023-069-679,2021-06-05,BOX-00573,69,warehouse 2
ORBO,C-005,75-2714,2.44,6.49,4.27,48.11,47,Warehouse 1,023-069-680,2021-06-06,BOX-00574,21,warehouse 2
ORBO,C-005,75-2715,2.44,6.61,2.26,44.22,89,Warehouse 1,023-069-681,2021-06-07,BOX-00575,11,warehouse 2
ORBO,C-005,75-2716,2.45,2.9,4.71,35.22,52,Warehouse 1,023-069-682,2021-06-08,BOX-00576,52,warehouse 2
ORBO,C-005,75-2717,2.45,4.24,6.31,62.42,38,Warehouse 1,023-069-683,2021-06-09,BOX-00577,8,warehouse 2
ORBO,C-005,75-2718,2.45,1.29,2.61,7.7,186,Warehouse 1,023-069-684,2021-06-10,BOX-00578,91,warehouse 2
ORBO,C-005,75-2719,2.46,3.25,5.78,41.24,48,Warehouse 1,023-069-685,2021-06-11,BOX-00579,86,warehouse 2
ORBO,C-005,75-2720,2.46,3.46,3.89,31.7,77,Warehouse 1,023-069-686,2021-06-12,BOX-00580,27,warehouse 2
ORBO,C-005,75-2721,2.46,3.78,5.94,64.93,83,Warehouse 1,023-069-687,2021-06-13,BOX-00581,12,warehouse 2
ORBO,C-005,75-2722,2.46,8.46,1.5,30.27,41,Warehouse 1,023-069-688,2021-06-14,BOX-00582,92,warehouse 2
ORBO,C-005,75-2723,2.47,3.68,5.56,32.29,67,Warehouse 1,023-069-689,2021-06-15,BOX-00583,2,warehouse 2
ORBO,C-005,75-2724,2.48,3.71,6.32,44.72,98,Warehouse 1,023-069-690,2021-06-16,BOX-00584,77,warehouse 2
ORBO,C-005,75-2725,2.48,4.03,6.74,66.54,149,Warehouse 1,023-069-691,2021-06-17,BOX-00585,52,warehouse 2
ORBO,C-005,75-2726,2.48,3.96,5.07,44.23,31,Warehouse 1,023-069-692,2021-06-18,BOX-00586,74,warehouse 2
ORBO,C-005,75-2727,2.48,8.67,1.85,26.0,127,Warehouse 1,023-069-693,2021-06-19,BOX-00587,41,warehouse 2
ORBO,C-005,75-2728,2.48,8.54,4.96,68.75,3,Warehouse 1,023-069-694,2021-06-20,BOX-00588,31,warehouse 2
ORBO,C-005,75-2729,2.48,1.29,5.56,12.35,104,Warehouse 1,023-069-695,2021-06-21,BOX-00589,35,warehouse 2
ORBO,C-005,75-2730,2.48,9.93,5.87,76.0,21,Warehouse 1,023-069-696,2021-06-22,BOX-00590,34,warehouse 2
ORBO,C-005,75-2731,2.48,7.83,6.23,121.05,121,Warehouse 1,023-069-697,2021-06-23,BOX-00591,48,warehouse 2
ORBO,C-005,75-2732,2.49,1.09,2.72,4.59,138,Warehouse 1,023-069-698,2021-06-24,BOX-00592,52,warehouse 2
ORBO,C-005,75-2733,2.49,8.54,6.72,92.73,146,Warehouse 1,023-069-699,2021-06-25,BOX-00593,51,warehouse 2
ORBO,C-005,75-2734,2.49,9.27,1.4,24.4,121,Warehouse 1,023-069-700,2021-06-26,BOX-00594,37,warehouse 2
ORBO,C-005,75-2735,2.49,9.53,1.18,12.45,2,Warehouse 1,023-069-701,2021-06-27,BOX-00595,22,warehouse 2
ORBO,C-005,75-2736,2.49,5.11,6.31,54.75,200,Warehouse 1,023-069-702,2021-06-28,BOX-00596,91,warehouse 2
ORBO,C-005,75-2737,2.5,9.37,4.88,106.09,77,Warehouse 1,023-069-703,2021-06-29,BOX-00597,63,warehouse 2
ORBO,C-005,75-2738,2.5,1.51,3.34,11.86,52,Warehouse 1,023-069-704,2021-06-30,BOX-00598,57,warehouse 2
ORBO,C-005,75-2739,2.5,8.56,4.74,62.78,162,Warehouse 1,023-069-705,2021-07-01,BOX-00599,76,warehouse 2
ORBO,C-005,75-2740,2.51,9.38,3.73,61.46,126,Warehouse 1,023-069-706,2021-07-02,BOX-00600,39,warehouse 2
ORBO,C-005,75-2741,2.51,8.72,4.57,68.28,175,Warehouse 1,023-069-707,2021-07-03,BOX-00601,20,warehouse 2
ORBO,C-005,75-2742,2.51,5.3,6.93,78.78,31,Warehouse 1,023-069-708,2021-07-04,BOX-00602,54,warehouse 2
ORBO,C-005,75-2743,2.52,1.11,6.23,9.16,165,Warehouse 1,023-069-709,2021-07-05,BOX-00603,8,warehouse 2
ORBO,C-005,75-2744,2.52,5.18,1.93,26.14,49,Warehouse 1,023-069-710,2021-07-06,BOX-00604,88,warehouse 2
ORBO,C-005,75-2745,2.53,8.44,6.11,76.4,90,Warehouse 1,023-069-711,2021-07-07,BOX-00605,55,warehouse 2
ORBO,C-005,75-2746,2.53,7.15,3.13,55.62,46,Warehouse 1,023-069-712,2021-07-08,BOX-00606,95,warehouse 2
ORBO,C-005,75-2747,2.54,9.9,5.73,89.75,44,Warehouse 1,023-069-713,2021-07-09,BOX-00607,82,warehouse 2
ORBO,C-005,75-2748,2.54,7.06,2.63,22.9,18,Warehouse 1,023-069-714,2021-07-10,BOX-00608,39,warehouse 2
ORBO,C-005,75-2749,2.54,3.47,3.46,13.73,153,Warehouse 1,023-069-715,2021-07-11,BOX-00609,28,warehouse 2
ORBO,C-005,75-2750,2.54,1.4,2.0,7.4,157,Warehouse 1,023-069-716,2021-07-12,BOX-00610,21,warehouse 2
ORBO,C-005,75-2751,2.54,3.51,1.77,15.96,151,Warehouse 1,023-069-717,2021-07-13,BOX-00611,3,warehouse 2
ORBO,C-005,75-2752,2.55,3.29,2.02,10.06,70,Warehouse 1,023-069-718,2021-07-14,BOX-00612,37,warehouse 2
ORBO,C-005,75-2753,2.55,5.31,3.25,47.02,44,Warehouse 1,023-069-719,2021-07-15,BOX-00613,10,warehouse 2
ORBO,C-005,75-2754,2.55,8.32,6.64,74.39,171,Warehouse 1,023-069-720,2021-07-16,BOX-00614,94,warehouse 2
ORBO,C-005,75-2755,2.55,1.37,4.36,8.61,142,Warehouse 1,023-069-721,2021-07-17,BOX-00615,45,warehouse 2
ORBO,C-005,75-2756,2.56,4.54,5.48,44.28,108,Warehouse 1,023-069-722,2021-07-18,BOX-00616,63,warehouse 2
ORBO,C-005,75-2757,2.56,4.65,6.61,63.96,115,Warehouse 1,023-069-723,2021-07-19,BOX-00617,2,warehouse 2
ORBO,C-005,75-2758,2.56,1.4,5.19,9.38,119,Warehouse 1,023-069-724,2021-07-20,BOX-00618,34,warehouse 2
ORBO,C-005,75-2759,2.57,2.47,6.73,18.28,85,Warehouse 1,023-069-725,2021-07-21,BOX-00619,47,warehouse 2
ORBO,C-005,75-2760,2.58,4.44,5.49,58.95,79,Warehouse 1,023-069-726,2021-07-22,BOX-00620,56,warehouse 2
ORBO,C-005,75-2761,2.58,4.41,5.52,34.28,165,Warehouse 1,023-069-727,2021-07-23,BOX-00621,16,warehouse 2
ORBO,C-005,75-2762,2.58,2.04,2.83,12.27,73,Warehouse 1,023-069-728,2021-07-24,BOX-00622,16,warehouse 2
ORBO,C-005,75-2763,2.58,1.59,6.53,16.03,109,Warehouse 1,023-069-729,2021-07-25,BOX-00623,28,warehouse 2
ORBO,C-005,75-2764,2.58,6.84,4.26,70.12,81,Warehouse 1,023-069-730,2021-07-26,BOX-00624,13,warehouse 2
ORBO,C-005,75-2765,2.59,9.05,2.57,43.73,11,Warehouse 1,023-069-731,2021-07-27,BOX-00625,14,warehouse 2
ORBO,C-005,75-2766,2.6,1.41,5.3,13.9,78,Warehouse 1,023-069-732,2021-07-28,BOX-00626,20,warehouse 2
ORBO,C-005,75-2767,2.6,7.76,2.8,24.89,135,Warehouse 1,023-069-733,2021-07-29,BOX-00627,20,warehouse 2
ORBO,C-005,75-2768,2.6,3.79,5.56,48.74,112,Warehouse 1,023-069-734,2021-07-30,BOX-00628,14,warehouse 2
ORBO,C-005,75-2769,2.61,8.72,3.43,55.57,48,Warehouse 1,023-069-735,2021-07-31,BOX-00629,22,warehouse 2
ORBO,C-005,75-2770,2.61,7.9,3.56,39.41,141,Warehouse 1,023-069-736,2021-08-01,BOX-00630,75,warehouse 2
ORBO,C-005,75-2771,2.61,5.17,6.14,86.85,111,Warehouse 1,023-069-737,2021-08-02,BOX-00631,75,warehouse 2
ORBO,C-005,75-2772,2.61,6.69,1.19,9.52,7,Warehouse 1,023-069-738,2021-08-03,BOX-00632,64,warehouse 2
ORBO,C-005,75-2773,2.61,3.85,1.67,13.9,183,Warehouse 1,023-069-739,2021-08-04,BOX-00633,70,warehouse 2
ORBO,C-005,75-2774,2.61,6.03,4.74,47.48,56,Warehouse 1,023-069-740,2021-08-05,BOX-00634,83,warehouse 2
ORBO,C-005,75-2775,2.61,8.67,3.3,35.27,57,Warehouse 1,023-069-741,2021-08-06,BOX-00635,29,warehouse 2
ORBO,C-005,75-2776,2.61,2.32,3.31,17.91,105,Warehouse 1,023-069-742,2021-08-07,BOX-00636,8,warehouse 2
ORBO,C-005,75-2777,2.61,4.59,5.08,62.45,138,Warehouse 1,023-069-743,2021-08-08,BOX-00637,85,warehouse 2
ORBO,C-005,75-2778,2.62,9.09,4.21,88.54,113,Warehouse 1,023-069-744,2021-08-09,BOX-00638,80,warehouse 2
ORBO,C-005,75-2779,2.62,6.46,2.81,20.77,7,Warehouse 1,023-069-745,2021-08-10,BOX-00639,87,warehouse 2
ORBO,C-005,75-2780,2.62,5.01,2.22,24.75,182,Warehouse 1,023-069-746,2021-08-11,BOX-00640,61,warehouse 2
ORBO,C-005,75-2781,2.62,6.15,2.88,53.07,67,Warehouse 1,023-069-747,2021-08-12,BOX-00641,53,warehouse 2
ORBO,C-005,75-2782,2.63,4.79,1.26,8.37,70,Warehouse 1,023-069-748,2021-08-13,BOX-00642,77,warehouse 2
ORBO,C-005,75-2783,2.63,4.8,3.54,49.71,105,Warehouse 1,023-069-749,2021-08-14,BOX-00643,26,warehouse 2
ORBO,C-005,75-2784,2.63,4.99,5.13,61.45,102,Warehouse 1,023-069-750,2021-08-15,BOX-00644,75,warehouse 2
ORBO,C-005,75-2785,2.64,5.33,5.53,48.09,21,Warehouse 1,023-069-751,2021-08-16,BOX-00645,27,warehouse 2
ORBO,C-005,75-2786,2.65,9.69,4.38,110.72,183,Warehouse 1,023-069-752,2021-08-17,BOX-00646,89,warehouse 2
ORBO,C-005,75-2787,2.65,3.44,3.76,37.04,174,Warehouse 1,023-069-753,2021-08-18,BOX-00647,92,warehouse 2
ORBO,C-005,75-2788,2.65,4.76,1.57,7.88,65,Warehouse 1,023-069-754,2021-08-19,BOX-00648,32,warehouse 2
ORBO,C-005,75-2789,2.65,8.52,1.79,24.36,82,Warehouse 1,023-069-755,2021-08-20,BOX-00649,18,warehouse 2
ORBO,C-005,75-2790,2.66,5.3,1.61,18.89,143,Warehouse 1,023-069-756,2021-08-21,BOX-00650,47,warehouse 2
ORBO,C-005,75-2791,2.66,9.52,5.37,139.98,200,Warehouse 1,023-069-757,2021-08-22,BOX-00651,59,warehouse 2
ORBO,C-005,75-2792,2.66,8.44,4.09,61.09,140,Warehouse 1,023-069-758,2021-08-23,BOX-00652,43,warehouse 2
ORBO,C-005,75-2793,2.67,8.08,1.41,11.41,82,Warehouse 1,023-069-759,2021-08-24,BOX-00653,28,warehouse 2
ORBO,C-005,75-2794,2.67,7.33,5.91,104.86,42,Warehouse 1,023-069-760,2021-08-25,BOX-00654,52,warehouse 2
ORBO,C-005,75-2795,2.68,8.15,2.14,20.71,171,Warehouse 1,023-069-761,2021-08-26,BOX-00655,57,warehouse 2
ORBO,C-005,75-2796,2.68,8.6,2.18,50.07,61,Warehouse 1,023-069-762,2021-08-27,BOX-00656,2,warehouse 2
ORBO,C-005,75-2797,2.68,4.24,5.17,57.3,164,Warehouse 1,023-069-763,2021-08-28,BOX-00657,9,warehouse 2
ORBO,C-005,75-2798,2.68,2.31,4.64,30.65,176,Warehouse 1,023-069-764,2021-08-29,BOX-00658,5,warehouse 2
ORBO,C-005,75-2799,2.69,3.78,5.64,40.47,169,Warehouse 1,023-069-765,2021-08-30,BOX-00659,61,warehouse 2
ORBO,C-005,75-2800,2.69,7.76,6.33,95.32,87,Warehouse 1,023-069-766,2021-08-31,BOX-00660,64,warehouse 2
ORBO,C-005,75-2801,2.69,7.22,5.5,56.74,152,Warehouse 1,023-069-767,2021-09-01,BOX-00661,69,warehouse 2
ORBO,C-005,75-2802,2.69,9.86,1.33,33.28,169,Warehouse 1,023-069-768,2021-09-02,BOX-00662,92,warehouse 2
ORBO,C-005,75-2803,2.69,8.83,3.61,75.25,78,Warehouse 1,023-069-769,2021-09-03,BOX-00663,43,warehouse 2
ORBO,C-005,75-2804,2.7,3.27,5.37,47.19,132,Warehouse 1,023-069-770,2021-09-04,BOX-00664,46,warehouse 2
ORBO,C-005,75-2805,2.7,9.49,1.35,15.84,72,Warehouse 1,023-069-771,2021-09-05,BOX-00665,39,warehouse 2
ORBO,C-005,75-2806,2.7,2.43,3.21,17.46,179,Warehouse 1,023-069-772,2021-09-06,BOX-00666,56,warehouse 2
ORBO,C-005,75-2807,2.71,6.52,3.37,41.78,91,Warehouse 1,023-069-773,2021-09-07,BOX-00667,43,warehouse 2
ORBO,C-005,75-2808,2.71,1.84,3.62,8.52,156,Warehouse 1,023-069-774,2021-09-08,BOX-00668,57,warehouse 2
ORBO,C-005,75-2809,2.71,9.4,4.38,90.6,94,Warehouse 1,023-069-775,2021-09-09,BOX-00669,35,warehouse 2
ORBO,C-005,75-2810,2.72,3.53,3.54,18.4,7,Warehouse 1,023-069-776,2021-09-10,BOX-00670,88,warehouse 2
ORBO,C-005,75-2811,2.72,8.13,2.75,54.06,200,Warehouse 1,023-069-777,2021-09-11,BOX-00671,36,warehouse 2
ORBO,C-005,75-2812,2.72,4.54,5.11,43.25,116,Warehouse 1,023-069-778,2021-09-12,BOX-00672,26,warehouse 2
ORBO,C-005,75-2813,2.72,6.63,2.61,31.53,4,Warehouse 1,023-069-779,2021-09-13,BOX-00673,37,warehouse 2
ORBO,C-005,75-2814,2.72,2.86,4.25,26.61,105,Warehouse 1,023-069-780,2021-09-14,BOX-00674,72,warehouse 2
ORBO,C-005,75-2815,2.73,2.87,4.15,15.5,113,Warehouse 1,023-069-781,2021-09-15,BOX-00675,3,warehouse 2
ORBO,C-005,75-2816,2.73,1.81,6.94,32.18,179,Warehouse 1,023-069-782,2021-09-16,BOX-00676,58,warehouse 2
ORBO,C-005,75-2817,2.73,8.37,2.04,30.19,122,Warehouse 1,023-069-783,2021-09-17,BOX-00677,18,warehouse 2
ORBO,C-005,75-2818,2.74,1.31,6.97,26.49,92,Warehouse 1,023-069-784,2021-09-18,BOX-00678,6,warehouse 2
ORBO,C-005,75-2819,2.74,5.06,3.84,23.91,74,Warehouse 1,023-069-785,2021-09-19,BOX-00679,3,warehouse 2
ORBO,C-005,75-2820,2.74,5.2,5.25,57.27,69,Warehouse 1,023-069-786,2021-09-20,BOX-00680,62,warehouse 2
ORBO,C-005,75-2821,2.75,6.17,3.5,56.09,94,Warehouse 1,023-069-787,2021-09-21,BOX-00681,8,warehouse 2
ORBO,C-005,75-2822,2.75,6.59,5.82,51.07,141,Warehouse 1,023-069-788,2021-09-22,BOX-00682,81,warehouse 2
ORBO,C-005,75-2823,2.75,9.41,5.1,110.12,166,Warehouse 1,023-069-789,2021-09-23,BOX-00683,52,warehouse 2
ORBO,C-005,75-2824,2.76,3.64,1.1,5.21,160,Warehouse 1,023-069-790,2021-09-24,BOX-00684,29,warehouse 2
ORBO,C-005,75-2825,2.76,7.05,4.18,41.98,188,Warehouse 1,023-069-791,2021-09-25,BOX-00685,98,warehouse 2
ORBO,C-005,75-2826,2.76,8.21,6.6,104.37,146,Warehouse 1,023-069-792,2021-09-26,BOX-00686,60,warehouse 2
ORBO,C-005,75-2827,2.77,7.05,5.53,80.83,90,Warehouse 1,023-069-793,2021-09-27,BOX-00687,30,warehouse 2
ORBO,C-005,75-2828,2.77,6.49,5.49,98.41,45,Warehouse 1,023-069-794,2021-09-28,BOX-00688,33,warehouse 2
ORBO,C-005,75-2829,2.77,1.73,4.71,20.52,6,Warehouse 1,023-069-795,2021-09-29,BOX-00689,57,warehouse 2
ORBO,C-005,75-2830,2.77,6.37,6.44,73.03,155,Warehouse 1,023-069-796,2021-09-30,BOX-00690,65,warehouse 2
ORBO,C-005,75-2831,2.77,7.41,1.78,19.86,29,Warehouse 1,023-069-797,2021-10-01,BOX-00691,16,warehouse 2
ORBO,C-005,75-2832,2.77,7.67,3.19,56.01,157,Warehouse 1,023-069-798,2021-10-02,BOX-00692,21,warehouse 2
ORBO,C-005,75-2833,2.78,1.67,5.94,23.34,139,Warehouse 1,023-069-799,2021-10-03,BOX-00693,23,warehouse 2
ORBO,C-005,75-2834,2.78,2.22,1.5,7.24,50,Warehouse 1,023-069-800,2021-10-04,BOX-00694,41,warehouse 2
ORBO,C-005,75-2835,2.78,2.18,6.9,17.93,1,Warehouse 1,023-069-801,2021-10-05,BOX-00695,26,warehouse 2
ORBO,C-005,75-2836,2.78,5.55,2.1,14.72,49,Warehouse 1,023-069-802,2021-10-06,BOX-00696,33,warehouse 2
ORBO,C-005,75-2837,2.79,4.55,4.7,29.6,84,Warehouse 1,023-069-803,2021-10-07,BOX-00697,57,warehouse 2
ORBO,C-005,75-2838,2.79,8.11,5.68,121.35,52,Warehouse 1,023-069-804,2021-10-08,BOX-00698,26,warehouse 2
ORBO,C-005,75-2839,2.8,7.33,6.73,107.37,98,Warehouse 1,023-069-805,2021-10-09,BOX-00699,66,warehouse 2
ORBO,C-005,75-2840,2.8,8.89,2.45,63.87,104,Warehouse 1,023-069-806,2021-10-10,BOX-00700,96,warehouse 2
ORBO,C-005,75-2841,2.8,7.93,1.89,39.29,51,Warehouse 1,023-069-807,2021-10-11,BOX-00701,74,warehouse 2
ORBO,C-005,75-2842,2.8,6.17,4.0,54.1,177,Warehouse 1,023-069-808,2021-10-12,BOX-00702,81,warehouse 2
ORBO,C-005,75-2843,2.81,5.89,6.83,45.52,81,Warehouse 1,023-069-809,2021-10-13,BOX-00703,13,warehouse 2
ORBO,C-005,75-2844,2.81,4.85,3.56,37.99,45,Warehouse 1,023-069-810,2021-10-14,BOX-00704,1,warehouse 2
ORBO,C-005,75-2845,2.81,5.27,3.69,42.19,47,Warehouse 1,023-069-811,2021-10-15,BOX-00705,22,warehouse 2
ORBO,C-005,75-2846,2.81,6.35,5.7,70.2,1,Warehouse 1,023-069-812,2021-10-16,BOX-00706,12,warehouse 2
ORBO,C-005,75-2847,2.81,9.42,6.84,126.39,67,Warehouse 1,023-069-813,2021-10-17,BOX-00707,79,warehouse 2
ORBO,C-005,75-2848,2.82,9.69,2.19,56.31,69,Warehouse 1,023-069-814,2021-10-18,BOX-00708,63,warehouse 2
ORBO,C-005,75-2849,2.82,1.99,6.61,20.23,111,Warehouse 1,023-069-815,2021-10-19,BOX-00709,6,warehouse 2
ORBO,C-005,75-2850,2.83,8.08,2.65,35.95,154,Warehouse 1,023-069-816,2021-10-20,BOX-00710,43,warehouse 2
ORBO,C-005,75-2851,2.83,7.41,2.28,47.45,92,Warehouse 1,023-069-817,2021-10-21,BOX-00711,48,warehouse 2
ORBO,C-005,75-2852,2.84,5.72,6.61,101.74,101,Warehouse 1,023-069-818,2021-10-22,BOX-00712,16,warehouse 2
ORBO,C-005,75-2853,2.84,7.78,4.2,90.0,85,Warehouse 1,023-069-819,2021-10-23,BOX-00713,92,warehouse 2
ORBO,C-005,75-2854,2.85,5.26,1.16,15.25,107,Warehouse 1,023-069-820,2021-10-24,BOX-00714,64,warehouse 2
ORBO,C-005,75-2855,2.85,6.21,5.66,73.82,169,Warehouse 1,023-069-821,2021-10-25,BOX-00715,67,warehouse 2
ORBO,C-005,75-2856,2.85,4.97,5.69,29.15,196,Warehouse 1,023-069-822,2021-10-26,BOX-00716,6,warehouse 2
ORBO,C-005,75-2857,2.85,3.47,1.98,12.04,165,Warehouse 1,023-069-823,2021-10-27,BOX-00717,54,warehouse 2
ORBO,C-005,75-2858,2.86,1.32,1.37,2.39,135,Warehouse 1,023-069-824,2021-10-28,BOX-00718,15,warehouse 2
ORBO,C-005,75-2859,2.86,7.33,5.02,67.69,198,Warehouse 1,023-069-825,2021-10-29,BOX-00719,88,warehouse 2
ORBO,C-005,75-2860,2.86,8.48,4.87,100.26,85,Warehouse 1,023-069-826,2021-10-30,BOX-00720,85,warehouse 2
ORBO,C-005,75-2861,2.86,4.89,2.8,30.21,53,Warehouse 1,023-069-827,2021-10-31,BOX-00721,24,warehouse 2
ORBO,C-005,75-2862,2.87,6.55,2.93,53.15,181,Warehouse 1,023-069-828,2021-11-01,BOX-00722,72,warehouse 2
ORBO,C-005,75-2863,2.87,7.11,6.13,96.2,175,Warehouse 1,023-069-829,2021-11-02,BOX-00723,66,warehouse 2
ORBO,C-005,75-2864,2.88,7.39,4.67,63.65,82,Warehouse 1,023-069-830,2021-11-03,BOX-00724,80,warehouse 2
ORBO,C-005,75-2865,2.88,9.85,1.49,18.5,60,Warehouse 1,023-069-831,2021-11-04,BOX-00725,29,warehouse 2
ORBO,C-005,75-2866,2.88,2.39,3.93,13.78,45,Warehouse 1,023-069-832,2021-11-05,BOX-00726,21,warehouse 2
ORBO,C-005,75-2867,2.88,8.59,5.43,75.02,100,Warehouse 1,023-069-833,2021-11-06,BOX-00727,2,warehouse 2
ORBO,C-005,75-2868,2.88,7.99,4.44,62.52,197,Warehouse 1,023-069-834,2021-11-07,BOX-00728,32,warehouse 2
ORBO,C-005,75-2869,2.88,1.79,1.66,6.82,41,Warehouse 1,023-069-835,2021-11-08,BOX-00729,60,warehouse 2
ORBO,C-005,75-2870,2.89,8.29,4.11,46.93,112,Warehouse 1,023-069-836,2021-11-09,BOX-00730,19,warehouse 2
ORBO,C-005,75-2871,2.89,4.45,6.37,52.26,60,Warehouse 1,023-069-837,2021-11-10,BOX-00731,54,warehouse 2
ORBO,C-005,75-2872,2.89,9.75,4.29,123.99,38,Warehouse 1,023-069-838,2021-11-11,BOX-00732,32,warehouse 2
ORBO,C-005,75-2873,2.89,7.15,4.72,99.54,55,Warehouse 1,023-069-839,2021-11-12,BOX-00733,4,warehouse 2
ORBO,C-005,75-2874,2.89,2.88,6.11,35.47,166,Warehouse 1,023-069-840,2021-11-13,BOX-00734,63,warehouse 2
ORBO,C-005,75-2875,2.9,3.74,6.18,28.86,99,Warehouse 1,023-069-841,2021-11-14,BOX-00735,12,warehouse 2
ORBO,C-005,75-2876,2.9,1.69,2.36,5.28,132,Warehouse 1,023-069-842,2021-11-15,BOX-00736,37,warehouse 2
ORBO,C-005,75-2877,2.91,3.91,6.49,72.12,85,Warehouse 1,023-069-843,2021-11-16,BOX-00737,90,warehouse 2
ORBO,C-005,75-2878,2.91,7.81,3.39,33.65,5,Warehouse 1,023-069-844,2021-11-17,BOX-00738,92,warehouse 2
ORBO,C-005,75-2879,2.91,7.55,2.83,22.74,85,Warehouse 1,023-069-845,2021-11-18,BOX-00739,51,warehouse 2
ORBO,C-005,75-2880,2.91,6.09,3.02,28.49,98,Warehouse 1,023-069-846,2021-11-19,BOX-00740,90,warehouse 2
ORBO,C-005,75-2881,2.91,9.53,6.15,75.22,138,Warehouse 1,023-069-847,2021-11-20,BOX-00741,25,warehouse 2
ORBO,C-005,75-2882,2.91,5.34,1.01,15.1,69,Warehouse 1,023-069-848,2021-11-21,BOX-00742,76,warehouse 2
ORBO,C-005,75-2883,2.91,9.97,2.38,30.35,85,Warehouse 1,023-069-849,2021-11-22,BOX-00743,54,warehouse 2
ORBO,C-005,75-2884,2.92,3.17,2.57,16.92,27,Warehouse 1,023-069-850,2021-11-23,BOX-00744,10,warehouse 2
ORBO,C-005,75-2885,2.92,3.58,6.54,39.6,50,Warehouse 1,023-069-851,2021-11-24,BOX-00745,8,warehouse 2
ORBO,C-005,75-2886,2.93,5.21,1.08,11.36,105,Warehouse 1,023-069-852,2021-11-25,BOX-00746,26,warehouse 2
ORBO,C-005,75-2887,2.93,9.97,1.39,22.01,108,Warehouse 1,023-069-853,2021-11-26,BOX-00747,79,warehouse 2
ORBO,C-005,75-2888,2.94,3.07,3.04,27.83,183,Warehouse 1,023-069-854,2021-11-27,BOX-00748,68,warehouse 2
ORBO,C-005,75-2889,2.94,8.01,6.84,99.72,23,Warehouse 1,023-069-855,2021-11-28,BOX-00749,77,warehouse 2
ORBO,C-005,75-2890,2.94,3.89,4.68,34.82,131,Warehouse 1,023-069-856,2021-11-29,BOX-00750,17,warehouse 2
ORBO,C-005,75-2891,2.94,4.81,2.7,13.67,51,Warehouse 1,023-069-857,2021-11-30,BOX-00751,69,warehouse 2
ORBO,C-005,75-2892,2.94,9.07,1.36,32.35,194,Warehouse 1,023-069-858,2021-12-01,BOX-00752,43,warehouse 2
ORBO,C-005,75-2893,2.95,2.21,4.31,13.71,44,Warehouse 1,023-069-859,2021-12-02,BOX-00753,38,warehouse 2
ORBO,C-005,75-2894,2.95,2.83,1.05,6.29,149,Warehouse 1,023-069-860,2021-12-03,BOX-00754,48,warehouse 2
ORBO,C-005,75-2895,2.95,5.21,6.77,45.4,176,Warehouse 1,023-069-861,2021-12-04,BOX-00755,98,warehouse 2
ORBO,C-005,75-2896,2.96,7.24,5.51,94.97,80,Warehouse 1,023-069-862,2021-12-05,BOX-00756,28,warehouse 2
ORBO,C-005,75-2897,2.96,9.11,1.87,50.45,113,Warehouse 1,023-069-863,2021-12-06,BOX-00757,82,warehouse 2
ORBO,C-005,75-2898,2.96,6.95,4.62,79.76,188,Warehouse 1,023-069-864,2021-12-07,BOX-00758,36,warehouse 2
ORBO,C-005,75-2899,2.96,9.98,2.71,32.12,6,Warehouse 1,023-069-865,2021-12-08,BOX-00759,51,warehouse 2
ORBO,C-005,75-2900,2.96,1.21,4.09,8.09,59,Warehouse 1,023-069-866,2021-12-09,BOX-00760,36,warehouse 2
ORBO,C-005,75-2901,2.96,6.44,6.7,116.6,30,Warehouse 1,023-069-867,2021-12-10,BOX-00761,68,warehouse 2
ORBO,C-005,75-2902,2.96,5.04,3.32,18.5,77,Warehouse 1,023-069-868,2021-12-11,BOX-00762,52,warehouse 2
ORBO,C-005,75-2903,2.97,8.59,4.56,84.7,123,Warehouse 1,023-069-869,2021-12-12,BOX-00763,76,warehouse 2
ORBO,C-005,75-2904,2.97,9.02,1.92,18.21,102,Warehouse 1,023-069-870,2021-12-13,BOX-00764,60,warehouse 2
ORBO,C-005,75-2905,2.97,6.0,1.4,10.99,174,Warehouse 1,023-069-871,2021-12-14,BOX-00765,95,warehouse 2
ORBO,C-005,75-2906,2.98,5.91,4.02,39.28,107,Warehouse 1,023-069-872,2021-12-15,BOX-00766,6,warehouse 2
ORBO,C-005,75-2907,2.99,8.18,1.89,16.83,151,Warehouse 1,023-069-873,2021-12-16,BOX-00767,2,warehouse 2
ORBO,C-005,75-2908,2.99,9.32,5.65,73.47,133,Warehouse 1,023-069-874,2021-12-17,BOX-00768,63,warehouse 2
ORBO,C-005,75-2909,2.99,6.9,5.63,40.55,71,Warehouse 1,023-069-875,2021-12-18,BOX-00769,51,warehouse 2
ORBO,C-005,75-2910,2.99,9.42,6.84,175.42,108,Warehouse 1,023-069-876,2021-12-19,BOX-00770,36,warehouse 2
ORBO,C-005,75-2911,2.99,1.61,6.96,12.27,162,Warehouse 1,023-069-877,2021-12-20,BOX-00771,24,warehouse 2
ORBO,C-005,75-2912,2.99,1.83,1.95,3.64,185,Warehouse 1,023-069-878,2021-12-21,BOX-00772,66,warehouse 2
ORBO,C-005,75-2913,3.0,1.02,4.4,8.26,38,Warehouse 1,023-069-879,2021-12-22,BOX-00773,28,warehouse 2
ORBO,C-005,75-2914,3.0,9.69,5.17,89.71,72,Warehouse 1,023-069-880,2021-12-23,BOX-00774,26,warehouse 2
ORBO,C-005,75-2915,3.0,1.47,4.67,19.91,176,Warehouse 1,023-069-881,2021-12-24,BOX-00775,88,warehouse 2
ORBO,C-005,75-2916,3.0,9.46,1.12,20.12,196,Warehouse 1,023-069-882,2021-12-25,BOX-00776,36,warehouse 2
